pig,n,macro_f1
114-1314,91,1.0
114-1688.wav,89,0.49142857142857144
114-1698.wav,59,1.0
114-1820.wav,120,1.0
114-1838.wav,59,0.5790010193679919
114-1840.wav,133,0.68828125
114-1955.wav,102,0.7124446234393879
114-380,106,0.46464646464646464
114-424,112,0.46411483253588515
114-787,38,0.2363132363132363
114-949,89,1.0
20241207_11O,195,0.6305623584862068
20250109_338,94,0.7174753112924002
20250109_448,92,0.30148619957537154
20250114_66,87,0.4727272727272727
20250114_81,87,0.282560706401766
