{
    "macro_f1": 0.8618172087641757,
    "accuracy": 0.8634900193174501,
    "total_train_time_s": 914.6035032272339,
    "inference_latency_ms": 0.06758851998864031,
    "report": "              precision    recall  f1-score   support\n\nNo-Breathing       0.81      0.79      0.80       533\n      Normal       0.88      0.94      0.91       588\n    Abnormal       0.91      0.85      0.88       432\n\n    accuracy                           0.86      1553\n   macro avg       0.87      0.86      0.86      1553\nweighted avg       0.86      0.86      0.86      1553\n"
}