{
    "macro_f1": 0.804166772218123,
    "accuracy": 0.8048937540244687,
    "total_train_time_s": 5.48379921913147,
    "inference_latency_ms": 0.32084923134415055,
    "report": "              precision    recall  f1-score   support\n\nNo-Breathing       0.77      0.62      0.68       533\n      Normal       0.76      0.94      0.84       588\n    Abnormal       0.93      0.85      0.89       432\n\n    accuracy                           0.80      1553\n   macro avg       0.82      0.80      0.80      1553\nweighted avg       0.81      0.80      0.80      1553\n"
}