segment_idx,pig_id,label,label_name,Source,Start,End,Energy,Audio_Path
0,114-1838.wav,1,Normal,New,0.0,10.0,-21.50628089904785,/home/willy/pig/audio/診中＿標注後/正常/114-1838.wav
1,114-1838.wav,1,Normal,New,5.0,15.0,-27.353321075439453,/home/willy/pig/audio/診中＿標注後/正常/114-1838.wav
2,114-1838.wav,1,Normal,New,10.0,20.0,-33.61616516113281,/home/willy/pig/audio/診中＿標注後/正常/114-1838.wav
3,114-1838.wav,1,Normal,New,15.0,25.0,-39.58747100830078,/home/willy/pig/audio/診中＿標注後/正常/114-1838.wav
4,114-1838.wav,1,Normal,New,30.0,40.0,-37.273460388183594,/home/willy/pig/audio/診中＿標注後/正常/114-1838.wav
5,114-1838.wav,1,Normal,New,35.0,45.0,-24.310176849365234,/home/willy/pig/audio/診中＿標注後/正常/114-1838.wav
6,114-1838.wav,1,Normal,New,40.0,50.0,-24.46630096435547,/home/willy/pig/audio/診中＿標注後/正常/114-1838.wav
7,114-1838.wav,1,Normal,New,70.0,80.0,-39.563018798828125,/home/willy/pig/audio/診中＿標注後/正常/114-1838.wav
8,114-1838.wav,1,Normal,New,75.0,85.0,-17.89971923828125,/home/willy/pig/audio/診中＿標注後/正常/114-1838.wav
9,114-1838.wav,1,Normal,New,80.0,90.0,-16.300569534301758,/home/willy/pig/audio/診中＿標注後/正常/114-1838.wav
10,114-1838.wav,1,Normal,New,85.0,95.0,-19.653823852539062,/home/willy/pig/audio/診中＿標注後/正常/114-1838.wav
11,114-1838.wav,1,Normal,New,90.0,100.0,-24.350692749023438,/home/willy/pig/audio/診中＿標注後/正常/114-1838.wav
12,114-1838.wav,1,Normal,New,95.0,105.0,-37.09312057495117,/home/willy/pig/audio/診中＿標注後/正常/114-1838.wav
13,114-1838.wav,1,Normal,New,100.0,110.0,-25.607250213623047,/home/willy/pig/audio/診中＿標注後/正常/114-1838.wav
14,114-1838.wav,1,Normal,New,105.0,115.0,-22.31246566772461,/home/willy/pig/audio/診中＿標注後/正常/114-1838.wav
15,114-1838.wav,1,Normal,New,110.0,120.0,-24.98242950439453,/home/willy/pig/audio/診中＿標注後/正常/114-1838.wav
16,114-1838.wav,1,Normal,New,115.0,125.0,-39.856353759765625,/home/willy/pig/audio/診中＿標注後/正常/114-1838.wav
17,114-1838.wav,1,Normal,New,120.0,130.0,-37.968563079833984,/home/willy/pig/audio/診中＿標注後/正常/114-1838.wav
18,114-1838.wav,1,Normal,New,125.0,135.0,-37.26170349121094,/home/willy/pig/audio/診中＿標注後/正常/114-1838.wav
19,114-1838.wav,1,Normal,New,130.0,140.0,-23.784076690673828,/home/willy/pig/audio/診中＿標注後/正常/114-1838.wav
20,114-1838.wav,1,Normal,New,135.0,145.0,-23.86974334716797,/home/willy/pig/audio/診中＿標注後/正常/114-1838.wav
21,114-1838.wav,1,Normal,New,170.0,180.0,-39.96833801269531,/home/willy/pig/audio/診中＿標注後/正常/114-1838.wav
22,114-1838.wav,1,Normal,New,175.0,185.0,-39.8509521484375,/home/willy/pig/audio/診中＿標注後/正常/114-1838.wav
23,114-1838.wav,1,Normal,New,195.0,205.0,-37.221435546875,/home/willy/pig/audio/診中＿標注後/正常/114-1838.wav
24,114-1838.wav,1,Normal,New,200.0,210.0,-37.69412612915039,/home/willy/pig/audio/診中＿標注後/正常/114-1838.wav
25,114-1838.wav,1,Normal,New,220.0,230.0,-28.78291893005371,/home/willy/pig/audio/診中＿標注後/正常/114-1838.wav
26,114-1838.wav,1,Normal,New,225.0,235.0,-28.36174201965332,/home/willy/pig/audio/診中＿標注後/正常/114-1838.wav
27,114-1838.wav,1,Normal,New,230.0,240.0,-37.33686828613281,/home/willy/pig/audio/診中＿標注後/正常/114-1838.wav
28,114-1838.wav,1,Normal,New,240.0,250.0,-23.101396560668945,/home/willy/pig/audio/診中＿標注後/正常/114-1838.wav
29,114-1838.wav,1,Normal,New,245.0,255.0,-23.126604080200195,/home/willy/pig/audio/診中＿標注後/正常/114-1838.wav
30,114-1838.wav,1,Normal,New,250.0,260.0,-38.45463180541992,/home/willy/pig/audio/診中＿標注後/正常/114-1838.wav
31,114-1838.wav,1,Normal,New,255.0,265.0,-29.75571060180664,/home/willy/pig/audio/診中＿標注後/正常/114-1838.wav
32,114-1838.wav,1,Normal,New,260.0,270.0,-30.320514678955078,/home/willy/pig/audio/診中＿標注後/正常/114-1838.wav
33,114-1838.wav,1,Normal,New,300.0,310.0,-36.59147262573242,/home/willy/pig/audio/診中＿標注後/正常/114-1838.wav
34,114-1838.wav,1,Normal,New,305.0,315.0,-36.492733001708984,/home/willy/pig/audio/診中＿標注後/正常/114-1838.wav
35,114-1838.wav,1,Normal,New,320.0,330.0,-21.890104293823242,/home/willy/pig/audio/診中＿標注後/正常/114-1838.wav
36,114-1838.wav,1,Normal,New,325.0,335.0,-21.815898895263672,/home/willy/pig/audio/診中＿標注後/正常/114-1838.wav
37,114-1838.wav,1,Normal,New,330.0,340.0,-34.91068649291992,/home/willy/pig/audio/診中＿標注後/正常/114-1838.wav
38,114-1838.wav,1,Normal,New,335.0,345.0,-36.23511505126953,/home/willy/pig/audio/診中＿標注後/正常/114-1838.wav
39,114-1838.wav,1,Normal,New,340.0,350.0,-38.403564453125,/home/willy/pig/audio/診中＿標注後/正常/114-1838.wav
40,114-1838.wav,1,Normal,New,345.0,355.0,-39.27091979980469,/home/willy/pig/audio/診中＿標注後/正常/114-1838.wav
41,114-1838.wav,1,Normal,New,355.0,365.0,-25.50492286682129,/home/willy/pig/audio/診中＿標注後/正常/114-1838.wav
42,114-1838.wav,1,Normal,New,360.0,370.0,-25.47735595703125,/home/willy/pig/audio/診中＿標注後/正常/114-1838.wav
43,114-1838.wav,1,Normal,New,370.0,380.0,-37.88404846191406,/home/willy/pig/audio/診中＿標注後/正常/114-1838.wav
44,114-1838.wav,1,Normal,New,375.0,385.0,-36.242984771728516,/home/willy/pig/audio/診中＿標注後/正常/114-1838.wav
45,114-1838.wav,1,Normal,New,380.0,390.0,-37.17082595825195,/home/willy/pig/audio/診中＿標注後/正常/114-1838.wav
46,114-1838.wav,1,Normal,New,385.0,395.0,-39.54137420654297,/home/willy/pig/audio/診中＿標注後/正常/114-1838.wav
47,114-1838.wav,1,Normal,New,395.0,405.0,-38.77463912963867,/home/willy/pig/audio/診中＿標注後/正常/114-1838.wav
48,114-1838.wav,1,Normal,New,400.0,410.0,-37.37992858886719,/home/willy/pig/audio/診中＿標注後/正常/114-1838.wav
49,114-1838.wav,1,Normal,New,405.0,415.0,-38.19798278808594,/home/willy/pig/audio/診中＿標注後/正常/114-1838.wav
50,114-1838.wav,1,Normal,New,410.0,420.0,-39.15062713623047,/home/willy/pig/audio/診中＿標注後/正常/114-1838.wav
51,114-1838.wav,1,Normal,New,415.0,425.0,-39.921878814697266,/home/willy/pig/audio/診中＿標注後/正常/114-1838.wav
52,114-1838.wav,0,NoBreathing,New,60.0,70.0,-45.73027038574219,/home/willy/pig/audio/診中＿標注後/正常/114-1838.wav
53,114-1838.wav,0,NoBreathing,New,150.0,160.0,-46.990150451660156,/home/willy/pig/audio/診中＿標注後/正常/114-1838.wav
54,114-1838.wav,0,NoBreathing,New,180.0,190.0,-43.10921096801758,/home/willy/pig/audio/診中＿標注後/正常/114-1838.wav
55,114-1838.wav,0,NoBreathing,New,210.0,220.0,-44.45070266723633,/home/willy/pig/audio/診中＿標注後/正常/114-1838.wav
56,114-1838.wav,0,NoBreathing,New,270.0,280.0,-42.42433166503906,/home/willy/pig/audio/診中＿標注後/正常/114-1838.wav
57,114-1838.wav,0,NoBreathing,New,390.0,400.0,-41.833030700683594,/home/willy/pig/audio/診中＿標注後/正常/114-1838.wav
58,114-1838.wav,0,NoBreathing,New,420.0,430.0,-40.881683349609375,/home/willy/pig/audio/診中＿標注後/正常/114-1838.wav
59,114-1840.wav,1,Normal,New,0.0,10.0,-22.6595458984375,/home/willy/pig/audio/診中＿標注後/正常/114-1840.wav
60,114-1840.wav,1,Normal,New,5.0,15.0,-22.711475372314453,/home/willy/pig/audio/診中＿標注後/正常/114-1840.wav
61,114-1840.wav,1,Normal,New,10.0,20.0,-25.890607833862305,/home/willy/pig/audio/診中＿標注後/正常/114-1840.wav
62,114-1840.wav,1,Normal,New,15.0,25.0,-29.7760009765625,/home/willy/pig/audio/診中＿標注後/正常/114-1840.wav
63,114-1840.wav,1,Normal,New,20.0,30.0,-20.774972915649414,/home/willy/pig/audio/診中＿標注後/正常/114-1840.wav
64,114-1840.wav,1,Normal,New,25.0,35.0,-20.187030792236328,/home/willy/pig/audio/診中＿標注後/正常/114-1840.wav
65,114-1840.wav,1,Normal,New,30.0,40.0,-26.97076416015625,/home/willy/pig/audio/診中＿標注後/正常/114-1840.wav
66,114-1840.wav,1,Normal,New,35.0,45.0,-32.45901107788086,/home/willy/pig/audio/診中＿標注後/正常/114-1840.wav
67,114-1840.wav,1,Normal,New,40.0,50.0,-31.619863510131836,/home/willy/pig/audio/診中＿標注後/正常/114-1840.wav
68,114-1840.wav,1,Normal,New,45.0,55.0,-29.56787109375,/home/willy/pig/audio/診中＿標注後/正常/114-1840.wav
69,114-1840.wav,1,Normal,New,50.0,60.0,-29.930400848388672,/home/willy/pig/audio/診中＿標注後/正常/114-1840.wav
70,114-1840.wav,1,Normal,New,55.0,65.0,-26.72852325439453,/home/willy/pig/audio/診中＿標注後/正常/114-1840.wav
71,114-1840.wav,1,Normal,New,60.0,70.0,-25.424365997314453,/home/willy/pig/audio/診中＿標注後/正常/114-1840.wav
72,114-1840.wav,1,Normal,New,65.0,75.0,-28.843189239501953,/home/willy/pig/audio/診中＿標注後/正常/114-1840.wav
73,114-1840.wav,1,Normal,New,70.0,80.0,-32.08546829223633,/home/willy/pig/audio/診中＿標注後/正常/114-1840.wav
74,114-1840.wav,1,Normal,New,75.0,85.0,-30.005399703979492,/home/willy/pig/audio/診中＿標注後/正常/114-1840.wav
75,114-1840.wav,1,Normal,New,80.0,90.0,-30.30508041381836,/home/willy/pig/audio/診中＿標注後/正常/114-1840.wav
76,114-1840.wav,1,Normal,New,85.0,95.0,-25.66352653503418,/home/willy/pig/audio/診中＿標注後/正常/114-1840.wav
77,114-1840.wav,1,Normal,New,90.0,100.0,-20.173778533935547,/home/willy/pig/audio/診中＿標注後/正常/114-1840.wav
78,114-1840.wav,1,Normal,New,95.0,105.0,-18.14911460876465,/home/willy/pig/audio/診中＿標注後/正常/114-1840.wav
79,114-1840.wav,1,Normal,New,100.0,110.0,-20.478221893310547,/home/willy/pig/audio/診中＿標注後/正常/114-1840.wav
80,114-1840.wav,1,Normal,New,105.0,115.0,-23.96646499633789,/home/willy/pig/audio/診中＿標注後/正常/114-1840.wav
81,114-1840.wav,1,Normal,New,110.0,120.0,-24.656774520874023,/home/willy/pig/audio/診中＿標注後/正常/114-1840.wav
82,114-1840.wav,1,Normal,New,115.0,125.0,-32.71776580810547,/home/willy/pig/audio/診中＿標注後/正常/114-1840.wav
83,114-1840.wav,1,Normal,New,120.0,130.0,-31.387319564819336,/home/willy/pig/audio/診中＿標注後/正常/114-1840.wav
84,114-1840.wav,1,Normal,New,125.0,135.0,-29.546289443969727,/home/willy/pig/audio/診中＿標注後/正常/114-1840.wav
85,114-1840.wav,1,Normal,New,130.0,140.0,-29.272380828857422,/home/willy/pig/audio/診中＿標注後/正常/114-1840.wav
86,114-1840.wav,1,Normal,New,135.0,145.0,-18.4226016998291,/home/willy/pig/audio/診中＿標注後/正常/114-1840.wav
87,114-1840.wav,1,Normal,New,140.0,150.0,-17.96196937561035,/home/willy/pig/audio/診中＿標注後/正常/114-1840.wav
88,114-1840.wav,1,Normal,New,145.0,155.0,-23.547901153564453,/home/willy/pig/audio/診中＿標注後/正常/114-1840.wav
89,114-1840.wav,1,Normal,New,150.0,160.0,-23.008544921875,/home/willy/pig/audio/診中＿標注後/正常/114-1840.wav
90,114-1840.wav,1,Normal,New,155.0,165.0,-22.684032440185547,/home/willy/pig/audio/診中＿標注後/正常/114-1840.wav
91,114-1840.wav,1,Normal,New,160.0,170.0,-17.305315017700195,/home/willy/pig/audio/診中＿標注後/正常/114-1840.wav
92,114-1840.wav,1,Normal,New,165.0,175.0,-15.208541870117188,/home/willy/pig/audio/診中＿標注後/正常/114-1840.wav
93,114-1840.wav,1,Normal,New,170.0,180.0,-15.459071159362793,/home/willy/pig/audio/診中＿標注後/正常/114-1840.wav
94,114-1840.wav,1,Normal,New,175.0,185.0,-17.88815689086914,/home/willy/pig/audio/診中＿標注後/正常/114-1840.wav
95,114-1840.wav,1,Normal,New,180.0,190.0,-26.840686798095703,/home/willy/pig/audio/診中＿標注後/正常/114-1840.wav
96,114-1840.wav,1,Normal,New,195.0,205.0,-37.67982864379883,/home/willy/pig/audio/診中＿標注後/正常/114-1840.wav
97,114-1840.wav,1,Normal,New,200.0,210.0,-34.94914627075195,/home/willy/pig/audio/診中＿標注後/正常/114-1840.wav
98,114-1840.wav,1,Normal,New,205.0,215.0,-37.30079650878906,/home/willy/pig/audio/診中＿標注後/正常/114-1840.wav
99,114-1840.wav,1,Normal,New,280.0,290.0,-33.77056121826172,/home/willy/pig/audio/診中＿標注後/正常/114-1840.wav
100,114-1840.wav,1,Normal,New,285.0,295.0,-31.747961044311523,/home/willy/pig/audio/診中＿標注後/正常/114-1840.wav
101,114-1840.wav,1,Normal,New,290.0,300.0,-24.114879608154297,/home/willy/pig/audio/診中＿標注後/正常/114-1840.wav
102,114-1840.wav,1,Normal,New,295.0,305.0,-19.747636795043945,/home/willy/pig/audio/診中＿標注後/正常/114-1840.wav
103,114-1840.wav,1,Normal,New,300.0,310.0,-21.136274337768555,/home/willy/pig/audio/診中＿標注後/正常/114-1840.wav
104,114-1840.wav,1,Normal,New,305.0,315.0,-22.588882446289062,/home/willy/pig/audio/診中＿標注後/正常/114-1840.wav
105,114-1840.wav,1,Normal,New,310.0,320.0,-22.61603355407715,/home/willy/pig/audio/診中＿標注後/正常/114-1840.wav
106,114-1840.wav,1,Normal,New,315.0,325.0,-30.564939498901367,/home/willy/pig/audio/診中＿標注後/正常/114-1840.wav
107,114-1840.wav,1,Normal,New,320.0,330.0,-32.423484802246094,/home/willy/pig/audio/診中＿標注後/正常/114-1840.wav
108,114-1840.wav,1,Normal,New,325.0,335.0,-29.536115646362305,/home/willy/pig/audio/診中＿標注後/正常/114-1840.wav
109,114-1840.wav,1,Normal,New,330.0,340.0,-29.132177352905273,/home/willy/pig/audio/診中＿標注後/正常/114-1840.wav
110,114-1840.wav,1,Normal,New,335.0,345.0,-30.112934112548828,/home/willy/pig/audio/診中＿標注後/正常/114-1840.wav
111,114-1840.wav,1,Normal,New,340.0,350.0,-29.876041412353516,/home/willy/pig/audio/診中＿標注後/正常/114-1840.wav
112,114-1840.wav,1,Normal,New,345.0,355.0,-31.15556526184082,/home/willy/pig/audio/診中＿標注後/正常/114-1840.wav
113,114-1840.wav,1,Normal,New,350.0,360.0,-31.348434448242188,/home/willy/pig/audio/診中＿標注後/正常/114-1840.wav
114,114-1840.wav,1,Normal,New,355.0,365.0,-31.21462059020996,/home/willy/pig/audio/診中＿標注後/正常/114-1840.wav
115,114-1840.wav,1,Normal,New,360.0,370.0,-33.00469207763672,/home/willy/pig/audio/診中＿標注後/正常/114-1840.wav
116,114-1840.wav,1,Normal,New,365.0,375.0,-32.14080047607422,/home/willy/pig/audio/診中＿標注後/正常/114-1840.wav
117,114-1840.wav,1,Normal,New,370.0,380.0,-29.17375946044922,/home/willy/pig/audio/診中＿標注後/正常/114-1840.wav
118,114-1840.wav,1,Normal,New,375.0,385.0,-28.523635864257812,/home/willy/pig/audio/診中＿標注後/正常/114-1840.wav
119,114-1840.wav,1,Normal,New,380.0,390.0,-29.525041580200195,/home/willy/pig/audio/診中＿標注後/正常/114-1840.wav
120,114-1840.wav,1,Normal,New,385.0,395.0,-26.795867919921875,/home/willy/pig/audio/診中＿標注後/正常/114-1840.wav
121,114-1840.wav,1,Normal,New,390.0,400.0,-26.94903564453125,/home/willy/pig/audio/診中＿標注後/正常/114-1840.wav
122,114-1840.wav,1,Normal,New,395.0,405.0,-31.714359283447266,/home/willy/pig/audio/診中＿標注後/正常/114-1840.wav
123,114-1840.wav,1,Normal,New,400.0,410.0,-34.390254974365234,/home/willy/pig/audio/診中＿標注後/正常/114-1840.wav
124,114-1840.wav,1,Normal,New,405.0,415.0,-35.42654037475586,/home/willy/pig/audio/診中＿標注後/正常/114-1840.wav
125,114-1840.wav,1,Normal,New,410.0,420.0,-32.44322967529297,/home/willy/pig/audio/診中＿標注後/正常/114-1840.wav
126,114-1840.wav,1,Normal,New,415.0,425.0,-29.39750862121582,/home/willy/pig/audio/診中＿標注後/正常/114-1840.wav
127,114-1840.wav,1,Normal,New,420.0,430.0,-29.47770118713379,/home/willy/pig/audio/診中＿標注後/正常/114-1840.wav
128,114-1840.wav,1,Normal,New,425.0,435.0,-32.70402145385742,/home/willy/pig/audio/診中＿標注後/正常/114-1840.wav
129,114-1840.wav,1,Normal,New,430.0,440.0,-36.31462860107422,/home/willy/pig/audio/診中＿標注後/正常/114-1840.wav
130,114-1840.wav,1,Normal,New,435.0,445.0,-35.853431701660156,/home/willy/pig/audio/診中＿標注後/正常/114-1840.wav
131,114-1840.wav,1,Normal,New,440.0,450.0,-36.27410125732422,/home/willy/pig/audio/診中＿標注後/正常/114-1840.wav
132,114-1840.wav,1,Normal,New,445.0,455.0,-38.030860900878906,/home/willy/pig/audio/診中＿標注後/正常/114-1840.wav
133,114-1840.wav,1,Normal,New,450.0,460.0,-38.50028610229492,/home/willy/pig/audio/診中＿標注後/正常/114-1840.wav
134,114-1840.wav,1,Normal,New,455.0,465.0,-34.40757369995117,/home/willy/pig/audio/診中＿標注後/正常/114-1840.wav
135,114-1840.wav,1,Normal,New,460.0,470.0,-33.733158111572266,/home/willy/pig/audio/診中＿標注後/正常/114-1840.wav
136,114-1840.wav,1,Normal,New,465.0,475.0,-37.5562629699707,/home/willy/pig/audio/診中＿標注後/正常/114-1840.wav
137,114-1840.wav,1,Normal,New,470.0,480.0,-39.02461242675781,/home/willy/pig/audio/診中＿標注後/正常/114-1840.wav
138,114-1840.wav,1,Normal,New,475.0,485.0,-37.69331359863281,/home/willy/pig/audio/診中＿標注後/正常/114-1840.wav
139,114-1840.wav,1,Normal,New,480.0,490.0,-36.84033203125,/home/willy/pig/audio/診中＿標注後/正常/114-1840.wav
140,114-1840.wav,1,Normal,New,485.0,495.0,-36.647422790527344,/home/willy/pig/audio/診中＿標注後/正常/114-1840.wav
141,114-1840.wav,1,Normal,New,490.0,500.0,-37.4426383972168,/home/willy/pig/audio/診中＿標注後/正常/114-1840.wav
142,114-1840.wav,1,Normal,New,495.0,505.0,-39.438514709472656,/home/willy/pig/audio/診中＿標注後/正常/114-1840.wav
143,114-1840.wav,1,Normal,New,500.0,510.0,-38.64223098754883,/home/willy/pig/audio/診中＿標注後/正常/114-1840.wav
144,114-1840.wav,1,Normal,New,505.0,515.0,-24.05738639831543,/home/willy/pig/audio/診中＿標注後/正常/114-1840.wav
145,114-1840.wav,1,Normal,New,510.0,520.0,-17.31421661376953,/home/willy/pig/audio/診中＿標注後/正常/114-1840.wav
146,114-1840.wav,1,Normal,New,515.0,525.0,-18.11951446533203,/home/willy/pig/audio/診中＿標注後/正常/114-1840.wav
147,114-1840.wav,1,Normal,New,520.0,530.0,-29.615856170654297,/home/willy/pig/audio/診中＿標注後/正常/114-1840.wav
148,114-1840.wav,1,Normal,New,525.0,535.0,-31.599578857421875,/home/willy/pig/audio/診中＿標注後/正常/114-1840.wav
149,114-1840.wav,1,Normal,New,530.0,540.0,-32.93766784667969,/home/willy/pig/audio/診中＿標注後/正常/114-1840.wav
150,114-1840.wav,1,Normal,New,535.0,545.0,-32.68513488769531,/home/willy/pig/audio/診中＿標注後/正常/114-1840.wav
151,114-1840.wav,1,Normal,New,540.0,550.0,-34.1154899597168,/home/willy/pig/audio/診中＿標注後/正常/114-1840.wav
152,114-1840.wav,1,Normal,New,545.0,555.0,-38.1733512878418,/home/willy/pig/audio/診中＿標注後/正常/114-1840.wav
153,114-1840.wav,1,Normal,New,550.0,560.0,-38.81585693359375,/home/willy/pig/audio/診中＿標注後/正常/114-1840.wav
154,114-1840.wav,1,Normal,New,555.0,565.0,-38.8420524597168,/home/willy/pig/audio/診中＿標注後/正常/114-1840.wav
155,114-1840.wav,1,Normal,New,560.0,570.0,-36.78020477294922,/home/willy/pig/audio/診中＿標注後/正常/114-1840.wav
156,114-1840.wav,1,Normal,New,565.0,575.0,-34.94766616821289,/home/willy/pig/audio/診中＿標注後/正常/114-1840.wav
157,114-1840.wav,1,Normal,New,570.0,580.0,-34.90695571899414,/home/willy/pig/audio/診中＿標注後/正常/114-1840.wav
158,114-1840.wav,1,Normal,New,575.0,585.0,-33.025146484375,/home/willy/pig/audio/診中＿標注後/正常/114-1840.wav
159,114-1840.wav,1,Normal,New,580.0,590.0,-32.456600189208984,/home/willy/pig/audio/診中＿標注後/正常/114-1840.wav
160,114-1840.wav,1,Normal,New,585.0,595.0,-32.196903228759766,/home/willy/pig/audio/診中＿標注後/正常/114-1840.wav
161,114-1840.wav,1,Normal,New,590.0,600.0,-32.562591552734375,/home/willy/pig/audio/診中＿標注後/正常/114-1840.wav
162,114-1840.wav,1,Normal,New,595.0,605.0,-35.53402328491211,/home/willy/pig/audio/診中＿標注後/正常/114-1840.wav
163,114-1840.wav,1,Normal,New,600.0,610.0,-32.33707046508789,/home/willy/pig/audio/診中＿標注後/正常/114-1840.wav
164,114-1840.wav,1,Normal,New,605.0,615.0,-31.65071678161621,/home/willy/pig/audio/診中＿標注後/正常/114-1840.wav
165,114-1840.wav,1,Normal,New,610.0,620.0,-30.604995727539062,/home/willy/pig/audio/診中＿標注後/正常/114-1840.wav
166,114-1840.wav,1,Normal,New,615.0,625.0,-29.182315826416016,/home/willy/pig/audio/診中＿標注後/正常/114-1840.wav
167,114-1840.wav,1,Normal,New,620.0,630.0,-30.216754913330078,/home/willy/pig/audio/診中＿標注後/正常/114-1840.wav
168,114-1840.wav,1,Normal,New,625.0,635.0,-31.422460556030273,/home/willy/pig/audio/診中＿標注後/正常/114-1840.wav
169,114-1840.wav,1,Normal,New,630.0,640.0,-31.78649139404297,/home/willy/pig/audio/診中＿標注後/正常/114-1840.wav
170,114-1840.wav,1,Normal,New,635.0,645.0,-32.3705940246582,/home/willy/pig/audio/診中＿標注後/正常/114-1840.wav
171,114-1840.wav,1,Normal,New,640.0,650.0,-34.15116882324219,/home/willy/pig/audio/診中＿標注後/正常/114-1840.wav
172,114-1840.wav,1,Normal,New,645.0,655.0,-35.08141326904297,/home/willy/pig/audio/診中＿標注後/正常/114-1840.wav
173,114-1840.wav,1,Normal,New,650.0,660.0,-32.62192916870117,/home/willy/pig/audio/診中＿標注後/正常/114-1840.wav
174,114-1840.wav,1,Normal,New,655.0,665.0,-32.7362174987793,/home/willy/pig/audio/診中＿標注後/正常/114-1840.wav
175,114-1840.wav,1,Normal,New,660.0,670.0,-34.26615905761719,/home/willy/pig/audio/診中＿標注後/正常/114-1840.wav
176,114-1840.wav,1,Normal,New,665.0,675.0,-33.94321823120117,/home/willy/pig/audio/診中＿標注後/正常/114-1840.wav
177,114-1840.wav,1,Normal,New,670.0,680.0,-30.07107162475586,/home/willy/pig/audio/診中＿標注後/正常/114-1840.wav
178,114-1840.wav,1,Normal,New,675.0,685.0,-27.466236114501953,/home/willy/pig/audio/診中＿標注後/正常/114-1840.wav
179,114-1840.wav,1,Normal,New,680.0,690.0,-27.99364471435547,/home/willy/pig/audio/診中＿標注後/正常/114-1840.wav
180,114-1840.wav,1,Normal,New,685.0,695.0,-29.823101043701172,/home/willy/pig/audio/診中＿標注後/正常/114-1840.wav
181,114-1840.wav,1,Normal,New,690.0,700.0,-31.5836124420166,/home/willy/pig/audio/診中＿標注後/正常/114-1840.wav
182,114-1840.wav,1,Normal,New,695.0,705.0,-31.88299560546875,/home/willy/pig/audio/診中＿標注後/正常/114-1840.wav
183,114-1840.wav,1,Normal,New,700.0,710.0,-30.620203018188477,/home/willy/pig/audio/診中＿標注後/正常/114-1840.wav
184,114-1840.wav,1,Normal,New,705.0,715.0,-31.116439819335938,/home/willy/pig/audio/診中＿標注後/正常/114-1840.wav
185,114-1840.wav,1,Normal,New,710.0,720.0,-33.038448333740234,/home/willy/pig/audio/診中＿標注後/正常/114-1840.wav
186,114-1840.wav,1,Normal,New,715.0,725.0,-34.85310745239258,/home/willy/pig/audio/診中＿標注後/正常/114-1840.wav
187,114-1840.wav,1,Normal,New,720.0,730.0,-34.77089309692383,/home/willy/pig/audio/診中＿標注後/正常/114-1840.wav
188,114-1840.wav,1,Normal,New,725.0,735.0,-34.472869873046875,/home/willy/pig/audio/診中＿標注後/正常/114-1840.wav
189,114-1840.wav,0,NoBreathing,New,210.0,220.0,-179.89126586914062,/home/willy/pig/audio/診中＿標注後/正常/114-1840.wav
190,114-1840.wav,0,NoBreathing,New,240.0,250.0,-180.0,/home/willy/pig/audio/診中＿標注後/正常/114-1840.wav
191,114-1840.wav,0,NoBreathing,New,270.0,280.0,-42.0726432800293,/home/willy/pig/audio/診中＿標注後/正常/114-1840.wav
192,114-1688.wav,1,Normal,New,0.0,10.0,-14.521503448486328,/home/willy/pig/audio/診中＿標注後/正常/114-1688.wav
193,114-1688.wav,1,Normal,New,5.0,15.0,-12.219573974609375,/home/willy/pig/audio/診中＿標注後/正常/114-1688.wav
194,114-1688.wav,1,Normal,New,10.0,20.0,-13.699966430664062,/home/willy/pig/audio/診中＿標注後/正常/114-1688.wav
195,114-1688.wav,1,Normal,New,15.0,25.0,-15.054075241088867,/home/willy/pig/audio/診中＿標注後/正常/114-1688.wav
196,114-1688.wav,1,Normal,New,20.0,30.0,-14.478151321411133,/home/willy/pig/audio/診中＿標注後/正常/114-1688.wav
197,114-1688.wav,1,Normal,New,25.0,35.0,-15.672329902648926,/home/willy/pig/audio/診中＿標注後/正常/114-1688.wav
198,114-1688.wav,1,Normal,New,30.0,40.0,-18.43182373046875,/home/willy/pig/audio/診中＿標注後/正常/114-1688.wav
199,114-1688.wav,1,Normal,New,35.0,45.0,-22.041122436523438,/home/willy/pig/audio/診中＿標注後/正常/114-1688.wav
200,114-1688.wav,1,Normal,New,40.0,50.0,-26.965293884277344,/home/willy/pig/audio/診中＿標注後/正常/114-1688.wav
201,114-1688.wav,1,Normal,New,45.0,55.0,-26.399337768554688,/home/willy/pig/audio/診中＿標注後/正常/114-1688.wav
202,114-1688.wav,1,Normal,New,50.0,60.0,-32.864418029785156,/home/willy/pig/audio/診中＿標注後/正常/114-1688.wav
203,114-1688.wav,1,Normal,New,55.0,65.0,-24.171619415283203,/home/willy/pig/audio/診中＿標注後/正常/114-1688.wav
204,114-1688.wav,1,Normal,New,60.0,70.0,-24.14756965637207,/home/willy/pig/audio/診中＿標注後/正常/114-1688.wav
205,114-1688.wav,1,Normal,New,65.0,75.0,-30.08749008178711,/home/willy/pig/audio/診中＿標注後/正常/114-1688.wav
206,114-1688.wav,1,Normal,New,70.0,80.0,-25.08285903930664,/home/willy/pig/audio/診中＿標注後/正常/114-1688.wav
207,114-1688.wav,1,Normal,New,75.0,85.0,-21.264028549194336,/home/willy/pig/audio/診中＿標注後/正常/114-1688.wav
208,114-1688.wav,1,Normal,New,80.0,90.0,-19.447967529296875,/home/willy/pig/audio/診中＿標注後/正常/114-1688.wav
209,114-1688.wav,1,Normal,New,85.0,95.0,-21.60146713256836,/home/willy/pig/audio/診中＿標注後/正常/114-1688.wav
210,114-1688.wav,1,Normal,New,90.0,100.0,-24.20684814453125,/home/willy/pig/audio/診中＿標注後/正常/114-1688.wav
211,114-1688.wav,1,Normal,New,95.0,105.0,-20.52969741821289,/home/willy/pig/audio/診中＿標注後/正常/114-1688.wav
212,114-1688.wav,1,Normal,New,100.0,110.0,-21.9735107421875,/home/willy/pig/audio/診中＿標注後/正常/114-1688.wav
213,114-1688.wav,1,Normal,New,105.0,115.0,-29.749181747436523,/home/willy/pig/audio/診中＿標注後/正常/114-1688.wav
214,114-1688.wav,1,Normal,New,110.0,120.0,-32.698062896728516,/home/willy/pig/audio/診中＿標注後/正常/114-1688.wav
215,114-1688.wav,1,Normal,New,120.0,130.0,-29.112964630126953,/home/willy/pig/audio/診中＿標注後/正常/114-1688.wav
216,114-1688.wav,1,Normal,New,125.0,135.0,-28.390357971191406,/home/willy/pig/audio/診中＿標注後/正常/114-1688.wav
217,114-1688.wav,1,Normal,New,130.0,140.0,-22.95321273803711,/home/willy/pig/audio/診中＿標注後/正常/114-1688.wav
218,114-1688.wav,1,Normal,New,135.0,145.0,-21.334564208984375,/home/willy/pig/audio/診中＿標注後/正常/114-1688.wav
219,114-1688.wav,1,Normal,New,140.0,150.0,-16.89491844177246,/home/willy/pig/audio/診中＿標注後/正常/114-1688.wav
220,114-1688.wav,1,Normal,New,145.0,155.0,-14.726347923278809,/home/willy/pig/audio/診中＿標注後/正常/114-1688.wav
221,114-1688.wav,1,Normal,New,150.0,160.0,-16.775657653808594,/home/willy/pig/audio/診中＿標注後/正常/114-1688.wav
222,114-1688.wav,1,Normal,New,155.0,165.0,-16.09083366394043,/home/willy/pig/audio/診中＿標注後/正常/114-1688.wav
223,114-1688.wav,1,Normal,New,160.0,170.0,-15.497705459594727,/home/willy/pig/audio/診中＿標注後/正常/114-1688.wav
224,114-1688.wav,1,Normal,New,165.0,175.0,-17.08428192138672,/home/willy/pig/audio/診中＿標注後/正常/114-1688.wav
225,114-1688.wav,1,Normal,New,170.0,180.0,-17.370718002319336,/home/willy/pig/audio/診中＿標注後/正常/114-1688.wav
226,114-1688.wav,1,Normal,New,175.0,185.0,-18.71957015991211,/home/willy/pig/audio/診中＿標注後/正常/114-1688.wav
227,114-1688.wav,1,Normal,New,180.0,190.0,-17.495952606201172,/home/willy/pig/audio/診中＿標注後/正常/114-1688.wav
228,114-1688.wav,1,Normal,New,185.0,195.0,-17.781169891357422,/home/willy/pig/audio/診中＿標注後/正常/114-1688.wav
229,114-1688.wav,1,Normal,New,190.0,200.0,-15.968050003051758,/home/willy/pig/audio/診中＿標注後/正常/114-1688.wav
230,114-1688.wav,1,Normal,New,195.0,205.0,-16.15266990661621,/home/willy/pig/audio/診中＿標注後/正常/114-1688.wav
231,114-1688.wav,1,Normal,New,200.0,210.0,-22.554203033447266,/home/willy/pig/audio/診中＿標注後/正常/114-1688.wav
232,114-1688.wav,1,Normal,New,205.0,215.0,-18.632238388061523,/home/willy/pig/audio/診中＿標注後/正常/114-1688.wav
233,114-1688.wav,1,Normal,New,210.0,220.0,-17.83449935913086,/home/willy/pig/audio/診中＿標注後/正常/114-1688.wav
234,114-1688.wav,1,Normal,New,215.0,225.0,-20.774003982543945,/home/willy/pig/audio/診中＿標注後/正常/114-1688.wav
235,114-1688.wav,1,Normal,New,220.0,230.0,-18.167375564575195,/home/willy/pig/audio/診中＿標注後/正常/114-1688.wav
236,114-1688.wav,1,Normal,New,225.0,235.0,-17.965171813964844,/home/willy/pig/audio/診中＿標注後/正常/114-1688.wav
237,114-1688.wav,1,Normal,New,230.0,240.0,-23.271848678588867,/home/willy/pig/audio/診中＿標注後/正常/114-1688.wav
238,114-1688.wav,1,Normal,New,235.0,245.0,-17.585599899291992,/home/willy/pig/audio/診中＿標注後/正常/114-1688.wav
239,114-1688.wav,1,Normal,New,240.0,250.0,-16.491384506225586,/home/willy/pig/audio/診中＿標注後/正常/114-1688.wav
240,114-1688.wav,1,Normal,New,245.0,255.0,-19.93868064880371,/home/willy/pig/audio/診中＿標注後/正常/114-1688.wav
241,114-1688.wav,1,Normal,New,250.0,260.0,-20.878292083740234,/home/willy/pig/audio/診中＿標注後/正常/114-1688.wav
242,114-1688.wav,1,Normal,New,255.0,265.0,-24.719202041625977,/home/willy/pig/audio/診中＿標注後/正常/114-1688.wav
243,114-1688.wav,1,Normal,New,260.0,270.0,-23.65930938720703,/home/willy/pig/audio/診中＿標注後/正常/114-1688.wav
244,114-1688.wav,1,Normal,New,265.0,275.0,-20.955951690673828,/home/willy/pig/audio/診中＿標注後/正常/114-1688.wav
245,114-1688.wav,1,Normal,New,270.0,280.0,-24.210647583007812,/home/willy/pig/audio/診中＿標注後/正常/114-1688.wav
246,114-1688.wav,1,Normal,New,275.0,285.0,-23.946529388427734,/home/willy/pig/audio/診中＿標注後/正常/114-1688.wav
247,114-1688.wav,1,Normal,New,280.0,290.0,-16.779983520507812,/home/willy/pig/audio/診中＿標注後/正常/114-1688.wav
248,114-1688.wav,1,Normal,New,285.0,295.0,-16.825016021728516,/home/willy/pig/audio/診中＿標注後/正常/114-1688.wav
249,114-1688.wav,1,Normal,New,290.0,300.0,-23.424278259277344,/home/willy/pig/audio/診中＿標注後/正常/114-1688.wav
250,114-1688.wav,1,Normal,New,295.0,305.0,-24.94095230102539,/home/willy/pig/audio/診中＿標注後/正常/114-1688.wav
251,114-1688.wav,1,Normal,New,300.0,310.0,-22.24224853515625,/home/willy/pig/audio/診中＿標注後/正常/114-1688.wav
252,114-1688.wav,1,Normal,New,305.0,315.0,-18.267414093017578,/home/willy/pig/audio/診中＿標注後/正常/114-1688.wav
253,114-1688.wav,1,Normal,New,310.0,320.0,-16.57770347595215,/home/willy/pig/audio/診中＿標注後/正常/114-1688.wav
254,114-1688.wav,1,Normal,New,315.0,325.0,-16.953022003173828,/home/willy/pig/audio/診中＿標注後/正常/114-1688.wav
255,114-1688.wav,1,Normal,New,320.0,330.0,-16.283720016479492,/home/willy/pig/audio/診中＿標注後/正常/114-1688.wav
256,114-1688.wav,1,Normal,New,325.0,335.0,-16.77604866027832,/home/willy/pig/audio/診中＿標注後/正常/114-1688.wav
257,114-1688.wav,1,Normal,New,330.0,340.0,-20.88945198059082,/home/willy/pig/audio/診中＿標注後/正常/114-1688.wav
258,114-1688.wav,1,Normal,New,335.0,345.0,-20.50624656677246,/home/willy/pig/audio/診中＿標注後/正常/114-1688.wav
259,114-1688.wav,1,Normal,New,340.0,350.0,-20.031435012817383,/home/willy/pig/audio/診中＿標注後/正常/114-1688.wav
260,114-1688.wav,1,Normal,New,345.0,355.0,-18.428417205810547,/home/willy/pig/audio/診中＿標注後/正常/114-1688.wav
261,114-1688.wav,1,Normal,New,350.0,360.0,-17.806007385253906,/home/willy/pig/audio/診中＿標注後/正常/114-1688.wav
262,114-1688.wav,1,Normal,New,355.0,365.0,-17.969263076782227,/home/willy/pig/audio/診中＿標注後/正常/114-1688.wav
263,114-1688.wav,1,Normal,New,360.0,370.0,-18.972646713256836,/home/willy/pig/audio/診中＿標注後/正常/114-1688.wav
264,114-1688.wav,1,Normal,New,365.0,375.0,-24.18871307373047,/home/willy/pig/audio/診中＿標注後/正常/114-1688.wav
265,114-1688.wav,1,Normal,New,370.0,380.0,-21.324312210083008,/home/willy/pig/audio/診中＿標注後/正常/114-1688.wav
266,114-1688.wav,1,Normal,New,375.0,385.0,-18.076650619506836,/home/willy/pig/audio/診中＿標注後/正常/114-1688.wav
267,114-1688.wav,1,Normal,New,380.0,390.0,-18.13078498840332,/home/willy/pig/audio/診中＿標注後/正常/114-1688.wav
268,114-1688.wav,1,Normal,New,385.0,395.0,-16.8709774017334,/home/willy/pig/audio/診中＿標注後/正常/114-1688.wav
269,114-1688.wav,1,Normal,New,390.0,400.0,-16.00041389465332,/home/willy/pig/audio/診中＿標注後/正常/114-1688.wav
270,114-1688.wav,1,Normal,New,395.0,405.0,-17.64830207824707,/home/willy/pig/audio/診中＿標注後/正常/114-1688.wav
271,114-1688.wav,1,Normal,New,400.0,410.0,-15.942753791809082,/home/willy/pig/audio/診中＿標注後/正常/114-1688.wav
272,114-1688.wav,1,Normal,New,405.0,415.0,-13.687015533447266,/home/willy/pig/audio/診中＿標注後/正常/114-1688.wav
273,114-1688.wav,1,Normal,New,410.0,420.0,-14.44725513458252,/home/willy/pig/audio/診中＿標注後/正常/114-1688.wav
274,114-1688.wav,1,Normal,New,415.0,425.0,-16.2469539642334,/home/willy/pig/audio/診中＿標注後/正常/114-1688.wav
275,114-1688.wav,1,Normal,New,420.0,430.0,-15.406889915466309,/home/willy/pig/audio/診中＿標注後/正常/114-1688.wav
276,114-1688.wav,1,Normal,New,425.0,435.0,-15.762126922607422,/home/willy/pig/audio/診中＿標注後/正常/114-1688.wav
277,114-1688.wav,1,Normal,New,430.0,440.0,-16.97576141357422,/home/willy/pig/audio/診中＿標注後/正常/114-1688.wav
278,114-1688.wav,1,Normal,New,435.0,445.0,-16.432666778564453,/home/willy/pig/audio/診中＿標注後/正常/114-1688.wav
279,114-1688.wav,1,Normal,New,440.0,450.0,-17.922245025634766,/home/willy/pig/audio/診中＿標注後/正常/114-1688.wav
280,114-1688.wav,1,Normal,New,445.0,455.0,-26.253036499023438,/home/willy/pig/audio/診中＿標注後/正常/114-1688.wav
281,114-1820.wav,1,Normal,New,0.0,10.0,-19.135833740234375,/home/willy/pig/audio/診中＿標注後/正常/114-1820.wav
282,114-1820.wav,1,Normal,New,5.0,15.0,-16.481399536132812,/home/willy/pig/audio/診中＿標注後/正常/114-1820.wav
283,114-1820.wav,1,Normal,New,10.0,20.0,-14.211044311523438,/home/willy/pig/audio/診中＿標注後/正常/114-1820.wav
284,114-1820.wav,1,Normal,New,15.0,25.0,-16.92100715637207,/home/willy/pig/audio/診中＿標注後/正常/114-1820.wav
285,114-1820.wav,1,Normal,New,20.0,30.0,-17.182418823242188,/home/willy/pig/audio/診中＿標注後/正常/114-1820.wav
286,114-1820.wav,1,Normal,New,25.0,35.0,-14.601875305175781,/home/willy/pig/audio/診中＿標注後/正常/114-1820.wav
287,114-1820.wav,1,Normal,New,30.0,40.0,-16.82463836669922,/home/willy/pig/audio/診中＿標注後/正常/114-1820.wav
288,114-1820.wav,1,Normal,New,35.0,45.0,-19.15118408203125,/home/willy/pig/audio/診中＿標注後/正常/114-1820.wav
289,114-1820.wav,1,Normal,New,40.0,50.0,-15.736833572387695,/home/willy/pig/audio/診中＿標注後/正常/114-1820.wav
290,114-1820.wav,1,Normal,New,45.0,55.0,-17.725894927978516,/home/willy/pig/audio/診中＿標注後/正常/114-1820.wav
291,114-1820.wav,1,Normal,New,50.0,60.0,-17.726221084594727,/home/willy/pig/audio/診中＿標注後/正常/114-1820.wav
292,114-1820.wav,1,Normal,New,55.0,65.0,-14.965791702270508,/home/willy/pig/audio/診中＿標注後/正常/114-1820.wav
293,114-1820.wav,1,Normal,New,60.0,70.0,-15.953055381774902,/home/willy/pig/audio/診中＿標注後/正常/114-1820.wav
294,114-1820.wav,1,Normal,New,65.0,75.0,-16.758487701416016,/home/willy/pig/audio/診中＿標注後/正常/114-1820.wav
295,114-1820.wav,1,Normal,New,70.0,80.0,-19.32375144958496,/home/willy/pig/audio/診中＿標注後/正常/114-1820.wav
296,114-1820.wav,1,Normal,New,75.0,85.0,-21.212371826171875,/home/willy/pig/audio/診中＿標注後/正常/114-1820.wav
297,114-1820.wav,1,Normal,New,80.0,90.0,-17.65182876586914,/home/willy/pig/audio/診中＿標注後/正常/114-1820.wav
298,114-1820.wav,1,Normal,New,85.0,95.0,-18.420005798339844,/home/willy/pig/audio/診中＿標注後/正常/114-1820.wav
299,114-1820.wav,1,Normal,New,90.0,100.0,-16.909252166748047,/home/willy/pig/audio/診中＿標注後/正常/114-1820.wav
300,114-1820.wav,1,Normal,New,95.0,105.0,-15.832711219787598,/home/willy/pig/audio/診中＿標注後/正常/114-1820.wav
301,114-1820.wav,1,Normal,New,100.0,110.0,-18.033727645874023,/home/willy/pig/audio/診中＿標注後/正常/114-1820.wav
302,114-1820.wav,1,Normal,New,105.0,115.0,-17.490541458129883,/home/willy/pig/audio/診中＿標注後/正常/114-1820.wav
303,114-1820.wav,1,Normal,New,110.0,120.0,-18.769081115722656,/home/willy/pig/audio/診中＿標注後/正常/114-1820.wav
304,114-1820.wav,1,Normal,New,115.0,125.0,-18.079437255859375,/home/willy/pig/audio/診中＿標注後/正常/114-1820.wav
305,114-1820.wav,1,Normal,New,120.0,130.0,-18.274991989135742,/home/willy/pig/audio/診中＿標注後/正常/114-1820.wav
306,114-1820.wav,1,Normal,New,130.0,140.0,-25.64143180847168,/home/willy/pig/audio/診中＿標注後/正常/114-1820.wav
307,114-1820.wav,1,Normal,New,135.0,145.0,-25.253658294677734,/home/willy/pig/audio/診中＿標注後/正常/114-1820.wav
308,114-1820.wav,1,Normal,New,140.0,150.0,-32.4430046081543,/home/willy/pig/audio/診中＿標注後/正常/114-1820.wav
309,114-1820.wav,1,Normal,New,145.0,155.0,-24.385154724121094,/home/willy/pig/audio/診中＿標注後/正常/114-1820.wav
310,114-1820.wav,1,Normal,New,150.0,160.0,-24.68106460571289,/home/willy/pig/audio/診中＿標注後/正常/114-1820.wav
311,114-1820.wav,1,Normal,New,155.0,165.0,-31.07098388671875,/home/willy/pig/audio/診中＿標注後/正常/114-1820.wav
312,114-1820.wav,1,Normal,New,160.0,170.0,-26.350242614746094,/home/willy/pig/audio/診中＿標注後/正常/114-1820.wav
313,114-1820.wav,1,Normal,New,165.0,175.0,-21.023303985595703,/home/willy/pig/audio/診中＿標注後/正常/114-1820.wav
314,114-1820.wav,1,Normal,New,170.0,180.0,-21.570545196533203,/home/willy/pig/audio/診中＿標注後/正常/114-1820.wav
315,114-1820.wav,1,Normal,New,175.0,185.0,-29.630294799804688,/home/willy/pig/audio/診中＿標注後/正常/114-1820.wav
316,114-1820.wav,1,Normal,New,180.0,190.0,-23.311662673950195,/home/willy/pig/audio/診中＿標注後/正常/114-1820.wav
317,114-1820.wav,1,Normal,New,185.0,195.0,-23.147554397583008,/home/willy/pig/audio/診中＿標注後/正常/114-1820.wav
318,114-1820.wav,1,Normal,New,190.0,200.0,-27.681560516357422,/home/willy/pig/audio/診中＿標注後/正常/114-1820.wav
319,114-1820.wav,1,Normal,New,195.0,205.0,-25.27523422241211,/home/willy/pig/audio/診中＿標注後/正常/114-1820.wav
320,114-1820.wav,1,Normal,New,200.0,210.0,-21.357690811157227,/home/willy/pig/audio/診中＿標注後/正常/114-1820.wav
321,114-1820.wav,1,Normal,New,205.0,215.0,-19.124645233154297,/home/willy/pig/audio/診中＿標注後/正常/114-1820.wav
322,114-1820.wav,1,Normal,New,210.0,220.0,-19.010635375976562,/home/willy/pig/audio/診中＿標注後/正常/114-1820.wav
323,114-1820.wav,1,Normal,New,215.0,225.0,-18.94321632385254,/home/willy/pig/audio/診中＿標注後/正常/114-1820.wav
324,114-1820.wav,1,Normal,New,220.0,230.0,-18.64861488342285,/home/willy/pig/audio/診中＿標注後/正常/114-1820.wav
325,114-1820.wav,1,Normal,New,225.0,235.0,-18.579517364501953,/home/willy/pig/audio/診中＿標注後/正常/114-1820.wav
326,114-1820.wav,1,Normal,New,230.0,240.0,-17.306386947631836,/home/willy/pig/audio/診中＿標注後/正常/114-1820.wav
327,114-1820.wav,1,Normal,New,235.0,245.0,-15.879807472229004,/home/willy/pig/audio/診中＿標注後/正常/114-1820.wav
328,114-1820.wav,1,Normal,New,240.0,250.0,-16.63030433654785,/home/willy/pig/audio/診中＿標注後/正常/114-1820.wav
329,114-1820.wav,1,Normal,New,245.0,255.0,-16.790372848510742,/home/willy/pig/audio/診中＿標注後/正常/114-1820.wav
330,114-1820.wav,1,Normal,New,250.0,260.0,-16.610219955444336,/home/willy/pig/audio/診中＿標注後/正常/114-1820.wav
331,114-1820.wav,1,Normal,New,255.0,265.0,-15.521759986877441,/home/willy/pig/audio/診中＿標注後/正常/114-1820.wav
332,114-1820.wav,1,Normal,New,260.0,270.0,-15.480345726013184,/home/willy/pig/audio/診中＿標注後/正常/114-1820.wav
333,114-1820.wav,1,Normal,New,265.0,275.0,-15.199528694152832,/home/willy/pig/audio/診中＿標注後/正常/114-1820.wav
334,114-1820.wav,1,Normal,New,270.0,280.0,-16.54281997680664,/home/willy/pig/audio/診中＿標注後/正常/114-1820.wav
335,114-1820.wav,1,Normal,New,275.0,285.0,-31.718021392822266,/home/willy/pig/audio/診中＿標注後/正常/114-1820.wav
336,114-1820.wav,1,Normal,New,280.0,290.0,-22.39557456970215,/home/willy/pig/audio/診中＿標注後/正常/114-1820.wav
337,114-1820.wav,1,Normal,New,285.0,295.0,-22.370445251464844,/home/willy/pig/audio/診中＿標注後/正常/114-1820.wav
338,114-1820.wav,1,Normal,New,290.0,300.0,-21.47833824157715,/home/willy/pig/audio/診中＿標注後/正常/114-1820.wav
339,114-1820.wav,1,Normal,New,295.0,305.0,-21.415386199951172,/home/willy/pig/audio/診中＿標注後/正常/114-1820.wav
340,114-1820.wav,1,Normal,New,300.0,310.0,-22.2394962310791,/home/willy/pig/audio/診中＿標注後/正常/114-1820.wav
341,114-1820.wav,1,Normal,New,305.0,315.0,-22.256135940551758,/home/willy/pig/audio/診中＿標注後/正常/114-1820.wav
342,114-1820.wav,1,Normal,New,310.0,320.0,-24.097354888916016,/home/willy/pig/audio/診中＿標注後/正常/114-1820.wav
343,114-1820.wav,1,Normal,New,315.0,325.0,-21.05344581604004,/home/willy/pig/audio/診中＿標注後/正常/114-1820.wav
344,114-1820.wav,1,Normal,New,320.0,330.0,-23.346294403076172,/home/willy/pig/audio/診中＿標注後/正常/114-1820.wav
345,114-1820.wav,1,Normal,New,325.0,335.0,-22.53549575805664,/home/willy/pig/audio/診中＿標注後/正常/114-1820.wav
346,114-1820.wav,1,Normal,New,330.0,340.0,-22.050378799438477,/home/willy/pig/audio/診中＿標注後/正常/114-1820.wav
347,114-1820.wav,1,Normal,New,335.0,345.0,-24.763404846191406,/home/willy/pig/audio/診中＿標注後/正常/114-1820.wav
348,114-1820.wav,1,Normal,New,340.0,350.0,-19.636178970336914,/home/willy/pig/audio/診中＿標注後/正常/114-1820.wav
349,114-1820.wav,1,Normal,New,345.0,355.0,-17.99036979675293,/home/willy/pig/audio/診中＿標注後/正常/114-1820.wav
350,114-1820.wav,1,Normal,New,350.0,360.0,-18.887922286987305,/home/willy/pig/audio/診中＿標注後/正常/114-1820.wav
351,114-1820.wav,1,Normal,New,355.0,365.0,-17.373884201049805,/home/willy/pig/audio/診中＿標注後/正常/114-1820.wav
352,114-1820.wav,1,Normal,New,360.0,370.0,-16.981679916381836,/home/willy/pig/audio/診中＿標注後/正常/114-1820.wav
353,114-1820.wav,1,Normal,New,365.0,375.0,-21.36408233642578,/home/willy/pig/audio/診中＿標注後/正常/114-1820.wav
354,114-1820.wav,1,Normal,New,370.0,380.0,-27.336261749267578,/home/willy/pig/audio/診中＿標注後/正常/114-1820.wav
355,114-1820.wav,1,Normal,New,375.0,385.0,-27.37173843383789,/home/willy/pig/audio/診中＿標注後/正常/114-1820.wav
356,114-1820.wav,1,Normal,New,380.0,390.0,-22.803619384765625,/home/willy/pig/audio/診中＿標注後/正常/114-1820.wav
357,114-1820.wav,1,Normal,New,385.0,395.0,-22.658960342407227,/home/willy/pig/audio/診中＿標注後/正常/114-1820.wav
358,114-1820.wav,1,Normal,New,390.0,400.0,-29.069194793701172,/home/willy/pig/audio/診中＿標注後/正常/114-1820.wav
359,114-1820.wav,1,Normal,New,395.0,405.0,-24.116504669189453,/home/willy/pig/audio/診中＿標注後/正常/114-1820.wav
360,114-1820.wav,1,Normal,New,400.0,410.0,-18.94383430480957,/home/willy/pig/audio/診中＿標注後/正常/114-1820.wav
361,114-1820.wav,1,Normal,New,405.0,415.0,-19.954626083374023,/home/willy/pig/audio/診中＿標注後/正常/114-1820.wav
362,114-1820.wav,1,Normal,New,410.0,420.0,-23.360280990600586,/home/willy/pig/audio/診中＿標注後/正常/114-1820.wav
363,114-1820.wav,1,Normal,New,415.0,425.0,-16.652463912963867,/home/willy/pig/audio/診中＿標注後/正常/114-1820.wav
364,114-1820.wav,1,Normal,New,420.0,430.0,-17.608150482177734,/home/willy/pig/audio/診中＿標注後/正常/114-1820.wav
365,114-1820.wav,1,Normal,New,425.0,435.0,-25.680824279785156,/home/willy/pig/audio/診中＿標注後/正常/114-1820.wav
366,114-1820.wav,1,Normal,New,430.0,440.0,-25.723407745361328,/home/willy/pig/audio/診中＿標注後/正常/114-1820.wav
367,114-1820.wav,1,Normal,New,435.0,445.0,-18.303754806518555,/home/willy/pig/audio/診中＿標注後/正常/114-1820.wav
368,114-1820.wav,1,Normal,New,440.0,450.0,-18.23297119140625,/home/willy/pig/audio/診中＿標注後/正常/114-1820.wav
369,114-1820.wav,1,Normal,New,445.0,455.0,-26.172893524169922,/home/willy/pig/audio/診中＿標注後/正常/114-1820.wav
370,114-1820.wav,1,Normal,New,450.0,460.0,-19.543621063232422,/home/willy/pig/audio/診中＿標注後/正常/114-1820.wav
371,114-1820.wav,1,Normal,New,455.0,465.0,-16.400371551513672,/home/willy/pig/audio/診中＿標注後/正常/114-1820.wav
372,114-1820.wav,1,Normal,New,460.0,470.0,-17.00507164001465,/home/willy/pig/audio/診中＿標注後/正常/114-1820.wav
373,114-1820.wav,1,Normal,New,465.0,475.0,-21.84665870666504,/home/willy/pig/audio/診中＿標注後/正常/114-1820.wav
374,114-1820.wav,1,Normal,New,470.0,480.0,-31.097248077392578,/home/willy/pig/audio/診中＿標注後/正常/114-1820.wav
375,114-1820.wav,1,Normal,New,475.0,485.0,-33.17549133300781,/home/willy/pig/audio/診中＿標注後/正常/114-1820.wav
376,114-1820.wav,1,Normal,New,480.0,490.0,-33.910396575927734,/home/willy/pig/audio/診中＿標注後/正常/114-1820.wav
377,114-1820.wav,1,Normal,New,485.0,495.0,-33.56547546386719,/home/willy/pig/audio/診中＿標注後/正常/114-1820.wav
378,114-1820.wav,1,Normal,New,490.0,500.0,-21.552658081054688,/home/willy/pig/audio/診中＿標注後/正常/114-1820.wav
379,114-1820.wav,1,Normal,New,495.0,505.0,-21.565019607543945,/home/willy/pig/audio/診中＿標注後/正常/114-1820.wav
380,114-1820.wav,1,Normal,New,500.0,510.0,-22.278179168701172,/home/willy/pig/audio/診中＿標注後/正常/114-1820.wav
381,114-1820.wav,1,Normal,New,505.0,515.0,-17.42975616455078,/home/willy/pig/audio/診中＿標注後/正常/114-1820.wav
382,114-1820.wav,1,Normal,New,510.0,520.0,-18.778593063354492,/home/willy/pig/audio/診中＿標注後/正常/114-1820.wav
383,114-1820.wav,1,Normal,New,515.0,525.0,-29.864120483398438,/home/willy/pig/audio/診中＿標注後/正常/114-1820.wav
384,114-1820.wav,1,Normal,New,520.0,530.0,-26.541500091552734,/home/willy/pig/audio/診中＿標注後/正常/114-1820.wav
385,114-1820.wav,1,Normal,New,525.0,535.0,-26.657304763793945,/home/willy/pig/audio/診中＿標注後/正常/114-1820.wav
386,114-1820.wav,1,Normal,New,530.0,540.0,-38.403446197509766,/home/willy/pig/audio/診中＿標注後/正常/114-1820.wav
387,114-1820.wav,1,Normal,New,535.0,545.0,-24.746456146240234,/home/willy/pig/audio/診中＿標注後/正常/114-1820.wav
388,114-1820.wav,1,Normal,New,540.0,550.0,-24.821006774902344,/home/willy/pig/audio/診中＿標注後/正常/114-1820.wav
389,114-1820.wav,1,Normal,New,545.0,555.0,-39.672645568847656,/home/willy/pig/audio/診中＿標注後/正常/114-1820.wav
390,114-1820.wav,1,Normal,New,550.0,560.0,-38.96453094482422,/home/willy/pig/audio/診中＿標注後/正常/114-1820.wav
391,114-1820.wav,1,Normal,New,555.0,565.0,-25.238689422607422,/home/willy/pig/audio/診中＿標注後/正常/114-1820.wav
392,114-1820.wav,1,Normal,New,560.0,570.0,-23.209632873535156,/home/willy/pig/audio/診中＿標注後/正常/114-1820.wav
393,114-1820.wav,1,Normal,New,565.0,575.0,-26.656600952148438,/home/willy/pig/audio/診中＿標注後/正常/114-1820.wav
394,114-1820.wav,1,Normal,New,570.0,580.0,-34.229774475097656,/home/willy/pig/audio/診中＿標注後/正常/114-1820.wav
395,114-1820.wav,1,Normal,New,575.0,585.0,-24.816482543945312,/home/willy/pig/audio/診中＿標注後/正常/114-1820.wav
396,114-1820.wav,1,Normal,New,580.0,590.0,-24.8227596282959,/home/willy/pig/audio/診中＿標注後/正常/114-1820.wav
397,114-1820.wav,1,Normal,New,585.0,595.0,-39.715850830078125,/home/willy/pig/audio/診中＿標注後/正常/114-1820.wav
398,114-1820.wav,1,Normal,New,590.0,600.0,-24.53130531311035,/home/willy/pig/audio/診中＿標注後/正常/114-1820.wav
399,114-1820.wav,1,Normal,New,595.0,605.0,-24.528884887695312,/home/willy/pig/audio/診中＿標注後/正常/114-1820.wav
400,114-1820.wav,1,Normal,New,600.0,610.0,-23.911771774291992,/home/willy/pig/audio/診中＿標注後/正常/114-1820.wav
401,114-1955.wav,1,Normal,New,0.0,10.0,-18.417146682739258,/home/willy/pig/audio/診中＿標注後/正常/114-1955.wav
402,114-1955.wav,1,Normal,New,5.0,15.0,-18.41079330444336,/home/willy/pig/audio/診中＿標注後/正常/114-1955.wav
403,114-1955.wav,1,Normal,New,15.0,25.0,-23.373659133911133,/home/willy/pig/audio/診中＿標注後/正常/114-1955.wav
404,114-1955.wav,1,Normal,New,20.0,30.0,-16.276264190673828,/home/willy/pig/audio/診中＿標注後/正常/114-1955.wav
405,114-1955.wav,1,Normal,New,25.0,35.0,-15.751843452453613,/home/willy/pig/audio/診中＿標注後/正常/114-1955.wav
406,114-1955.wav,1,Normal,New,30.0,40.0,-21.145923614501953,/home/willy/pig/audio/診中＿標注後/正常/114-1955.wav
407,114-1955.wav,1,Normal,New,35.0,45.0,-22.80611228942871,/home/willy/pig/audio/診中＿標注後/正常/114-1955.wav
408,114-1955.wav,1,Normal,New,40.0,50.0,-15.643354415893555,/home/willy/pig/audio/診中＿標注後/正常/114-1955.wav
409,114-1955.wav,1,Normal,New,45.0,55.0,-14.072122573852539,/home/willy/pig/audio/診中＿標注後/正常/114-1955.wav
410,114-1955.wav,1,Normal,New,50.0,60.0,-17.259479522705078,/home/willy/pig/audio/診中＿標注後/正常/114-1955.wav
411,114-1955.wav,1,Normal,New,55.0,65.0,-22.70949935913086,/home/willy/pig/audio/診中＿標注後/正常/114-1955.wav
412,114-1955.wav,1,Normal,New,60.0,70.0,-24.39898681640625,/home/willy/pig/audio/診中＿標注後/正常/114-1955.wav
413,114-1955.wav,1,Normal,New,65.0,75.0,-24.532428741455078,/home/willy/pig/audio/診中＿標注後/正常/114-1955.wav
414,114-1955.wav,1,Normal,New,70.0,80.0,-21.22262191772461,/home/willy/pig/audio/診中＿標注後/正常/114-1955.wav
415,114-1955.wav,1,Normal,New,75.0,85.0,-20.90787124633789,/home/willy/pig/audio/診中＿標注後/正常/114-1955.wav
416,114-1955.wav,1,Normal,New,80.0,90.0,-23.297264099121094,/home/willy/pig/audio/診中＿標注後/正常/114-1955.wav
417,114-1955.wav,1,Normal,New,85.0,95.0,-22.039997100830078,/home/willy/pig/audio/診中＿標注後/正常/114-1955.wav
418,114-1955.wav,1,Normal,New,90.0,100.0,-16.824766159057617,/home/willy/pig/audio/診中＿標注後/正常/114-1955.wav
419,114-1955.wav,1,Normal,New,95.0,105.0,-16.832448959350586,/home/willy/pig/audio/診中＿標注後/正常/114-1955.wav
420,114-1955.wav,1,Normal,New,100.0,110.0,-16.13172149658203,/home/willy/pig/audio/診中＿標注後/正常/114-1955.wav
421,114-1955.wav,1,Normal,New,105.0,115.0,-17.264476776123047,/home/willy/pig/audio/診中＿標注後/正常/114-1955.wav
422,114-1955.wav,1,Normal,New,110.0,120.0,-21.986923217773438,/home/willy/pig/audio/診中＿標注後/正常/114-1955.wav
423,114-1955.wav,1,Normal,New,115.0,125.0,-22.004074096679688,/home/willy/pig/audio/診中＿標注後/正常/114-1955.wav
424,114-1955.wav,1,Normal,New,125.0,135.0,-23.393211364746094,/home/willy/pig/audio/診中＿標注後/正常/114-1955.wav
425,114-1955.wav,1,Normal,New,130.0,140.0,-18.890413284301758,/home/willy/pig/audio/診中＿標注後/正常/114-1955.wav
426,114-1955.wav,1,Normal,New,135.0,145.0,-18.587528228759766,/home/willy/pig/audio/診中＿標注後/正常/114-1955.wav
427,114-1955.wav,1,Normal,New,140.0,150.0,-16.374475479125977,/home/willy/pig/audio/診中＿標注後/正常/114-1955.wav
428,114-1955.wav,1,Normal,New,145.0,155.0,-16.325355529785156,/home/willy/pig/audio/診中＿標注後/正常/114-1955.wav
429,114-1955.wav,1,Normal,New,150.0,160.0,-18.08183479309082,/home/willy/pig/audio/診中＿標注後/正常/114-1955.wav
430,114-1955.wav,1,Normal,New,155.0,165.0,-15.855635643005371,/home/willy/pig/audio/診中＿標注後/正常/114-1955.wav
431,114-1955.wav,1,Normal,New,160.0,170.0,-14.39614200592041,/home/willy/pig/audio/診中＿標注後/正常/114-1955.wav
432,114-1955.wav,1,Normal,New,165.0,175.0,-15.221695899963379,/home/willy/pig/audio/診中＿標注後/正常/114-1955.wav
433,114-1955.wav,1,Normal,New,170.0,180.0,-17.5251407623291,/home/willy/pig/audio/診中＿標注後/正常/114-1955.wav
434,114-1955.wav,1,Normal,New,175.0,185.0,-17.880569458007812,/home/willy/pig/audio/診中＿標注後/正常/114-1955.wav
435,114-1955.wav,1,Normal,New,180.0,190.0,-14.313131332397461,/home/willy/pig/audio/診中＿標注後/正常/114-1955.wav
436,114-1955.wav,1,Normal,New,185.0,195.0,-12.065074920654297,/home/willy/pig/audio/診中＿標注後/正常/114-1955.wav
437,114-1955.wav,1,Normal,New,190.0,200.0,-11.9621000289917,/home/willy/pig/audio/診中＿標注後/正常/114-1955.wav
438,114-1955.wav,1,Normal,New,195.0,205.0,-11.961112976074219,/home/willy/pig/audio/診中＿標注後/正常/114-1955.wav
439,114-1955.wav,1,Normal,New,200.0,210.0,-11.462871551513672,/home/willy/pig/audio/診中＿標注後/正常/114-1955.wav
440,114-1955.wav,1,Normal,New,205.0,215.0,-11.521086692810059,/home/willy/pig/audio/診中＿標注後/正常/114-1955.wav
441,114-1955.wav,1,Normal,New,210.0,220.0,-11.436250686645508,/home/willy/pig/audio/診中＿標注後/正常/114-1955.wav
442,114-1955.wav,1,Normal,New,215.0,225.0,-11.13875961303711,/home/willy/pig/audio/診中＿標注後/正常/114-1955.wav
443,114-1955.wav,1,Normal,New,220.0,230.0,-11.334065437316895,/home/willy/pig/audio/診中＿標注後/正常/114-1955.wav
444,114-1955.wav,1,Normal,New,225.0,235.0,-11.434885025024414,/home/willy/pig/audio/診中＿標注後/正常/114-1955.wav
445,114-1955.wav,1,Normal,New,230.0,240.0,-11.219057083129883,/home/willy/pig/audio/診中＿標注後/正常/114-1955.wav
446,114-1955.wav,1,Normal,New,235.0,245.0,-11.721739768981934,/home/willy/pig/audio/診中＿標注後/正常/114-1955.wav
447,114-1955.wav,1,Normal,New,240.0,250.0,-11.858104705810547,/home/willy/pig/audio/診中＿標注後/正常/114-1955.wav
448,114-1955.wav,1,Normal,New,245.0,255.0,-11.186684608459473,/home/willy/pig/audio/診中＿標注後/正常/114-1955.wav
449,114-1955.wav,1,Normal,New,250.0,260.0,-11.73228645324707,/home/willy/pig/audio/診中＿標注後/正常/114-1955.wav
450,114-1955.wav,1,Normal,New,255.0,265.0,-11.556977272033691,/home/willy/pig/audio/診中＿標注後/正常/114-1955.wav
451,114-1955.wav,1,Normal,New,260.0,270.0,-13.001433372497559,/home/willy/pig/audio/診中＿標注後/正常/114-1955.wav
452,114-1955.wav,1,Normal,New,265.0,275.0,-13.55006217956543,/home/willy/pig/audio/診中＿標注後/正常/114-1955.wav
453,114-1955.wav,1,Normal,New,270.0,280.0,-12.065185546875,/home/willy/pig/audio/診中＿標注後/正常/114-1955.wav
454,114-1955.wav,1,Normal,New,275.0,285.0,-12.564142227172852,/home/willy/pig/audio/診中＿標注後/正常/114-1955.wav
455,114-1955.wav,1,Normal,New,280.0,290.0,-12.838966369628906,/home/willy/pig/audio/診中＿標注後/正常/114-1955.wav
456,114-1955.wav,1,Normal,New,285.0,295.0,-11.609724044799805,/home/willy/pig/audio/診中＿標注後/正常/114-1955.wav
457,114-1955.wav,1,Normal,New,290.0,300.0,-11.444621086120605,/home/willy/pig/audio/診中＿標注後/正常/114-1955.wav
458,114-1955.wav,1,Normal,New,295.0,305.0,-13.054303169250488,/home/willy/pig/audio/診中＿標注後/正常/114-1955.wav
459,114-1955.wav,1,Normal,New,300.0,310.0,-13.318467140197754,/home/willy/pig/audio/診中＿標注後/正常/114-1955.wav
460,114-1955.wav,1,Normal,New,305.0,315.0,-13.408856391906738,/home/willy/pig/audio/診中＿標注後/正常/114-1955.wav
461,114-1955.wav,1,Normal,New,310.0,320.0,-11.550031661987305,/home/willy/pig/audio/診中＿標注後/正常/114-1955.wav
462,114-1955.wav,1,Normal,New,315.0,325.0,-10.619783401489258,/home/willy/pig/audio/診中＿標注後/正常/114-1955.wav
463,114-1955.wav,1,Normal,New,320.0,330.0,-11.231040954589844,/home/willy/pig/audio/診中＿標注後/正常/114-1955.wav
464,114-1955.wav,1,Normal,New,325.0,335.0,-11.897769927978516,/home/willy/pig/audio/診中＿標注後/正常/114-1955.wav
465,114-1955.wav,1,Normal,New,330.0,340.0,-12.481513023376465,/home/willy/pig/audio/診中＿標注後/正常/114-1955.wav
466,114-1955.wav,1,Normal,New,335.0,345.0,-14.986946105957031,/home/willy/pig/audio/診中＿標注後/正常/114-1955.wav
467,114-1955.wav,1,Normal,New,340.0,350.0,-20.79707145690918,/home/willy/pig/audio/診中＿標注後/正常/114-1955.wav
468,114-1955.wav,1,Normal,New,345.0,355.0,-21.006752014160156,/home/willy/pig/audio/診中＿標注後/正常/114-1955.wav
469,114-1955.wav,1,Normal,New,350.0,360.0,-20.595779418945312,/home/willy/pig/audio/診中＿標注後/正常/114-1955.wav
470,114-1955.wav,1,Normal,New,355.0,365.0,-18.42099952697754,/home/willy/pig/audio/診中＿標注後/正常/114-1955.wav
471,114-1955.wav,1,Normal,New,360.0,370.0,-17.506277084350586,/home/willy/pig/audio/診中＿標注後/正常/114-1955.wav
472,114-1955.wav,1,Normal,New,365.0,375.0,-18.883516311645508,/home/willy/pig/audio/診中＿標注後/正常/114-1955.wav
473,114-1955.wav,1,Normal,New,370.0,380.0,-19.257160186767578,/home/willy/pig/audio/診中＿標注後/正常/114-1955.wav
474,114-1955.wav,1,Normal,New,375.0,385.0,-19.60399627685547,/home/willy/pig/audio/診中＿標注後/正常/114-1955.wav
475,114-1955.wav,1,Normal,New,380.0,390.0,-18.02685546875,/home/willy/pig/audio/診中＿標注後/正常/114-1955.wav
476,114-1955.wav,1,Normal,New,385.0,395.0,-19.066150665283203,/home/willy/pig/audio/診中＿標注後/正常/114-1955.wav
477,114-1955.wav,1,Normal,New,390.0,400.0,-20.676843643188477,/home/willy/pig/audio/診中＿標注後/正常/114-1955.wav
478,114-1955.wav,1,Normal,New,395.0,405.0,-19.137916564941406,/home/willy/pig/audio/診中＿標注後/正常/114-1955.wav
479,114-1955.wav,1,Normal,New,400.0,410.0,-18.611312866210938,/home/willy/pig/audio/診中＿標注後/正常/114-1955.wav
480,114-1955.wav,1,Normal,New,405.0,415.0,-17.27090072631836,/home/willy/pig/audio/診中＿標注後/正常/114-1955.wav
481,114-1955.wav,1,Normal,New,410.0,420.0,-16.964221954345703,/home/willy/pig/audio/診中＿標注後/正常/114-1955.wav
482,114-1955.wav,1,Normal,New,415.0,425.0,-16.7808895111084,/home/willy/pig/audio/診中＿標注後/正常/114-1955.wav
483,114-1955.wav,1,Normal,New,420.0,430.0,-19.01519012451172,/home/willy/pig/audio/診中＿標注後/正常/114-1955.wav
484,114-1955.wav,1,Normal,New,425.0,435.0,-19.461801528930664,/home/willy/pig/audio/診中＿標注後/正常/114-1955.wav
485,114-1955.wav,1,Normal,New,430.0,440.0,-16.259902954101562,/home/willy/pig/audio/診中＿標注後/正常/114-1955.wav
486,114-1955.wav,1,Normal,New,435.0,445.0,-17.24371337890625,/home/willy/pig/audio/診中＿標注後/正常/114-1955.wav
487,114-1955.wav,1,Normal,New,440.0,450.0,-21.739158630371094,/home/willy/pig/audio/診中＿標注後/正常/114-1955.wav
488,114-1955.wav,1,Normal,New,445.0,455.0,-19.75802230834961,/home/willy/pig/audio/診中＿標注後/正常/114-1955.wav
489,114-1955.wav,1,Normal,New,450.0,460.0,-17.0736141204834,/home/willy/pig/audio/診中＿標注後/正常/114-1955.wav
490,114-1955.wav,1,Normal,New,455.0,465.0,-18.156055450439453,/home/willy/pig/audio/診中＿標注後/正常/114-1955.wav
491,114-1955.wav,1,Normal,New,460.0,470.0,-21.513671875,/home/willy/pig/audio/診中＿標注後/正常/114-1955.wav
492,114-1955.wav,1,Normal,New,465.0,475.0,-24.014541625976562,/home/willy/pig/audio/診中＿標注後/正常/114-1955.wav
493,114-1955.wav,1,Normal,New,535.0,545.0,-27.19989013671875,/home/willy/pig/audio/診中＿標注後/正常/114-1955.wav
494,114-1955.wav,1,Normal,New,540.0,550.0,-27.202316284179688,/home/willy/pig/audio/診中＿標注後/正常/114-1955.wav
495,114-1955.wav,1,Normal,New,555.0,565.0,-18.498659133911133,/home/willy/pig/audio/診中＿標注後/正常/114-1955.wav
496,114-1955.wav,1,Normal,New,560.0,570.0,-17.961042404174805,/home/willy/pig/audio/診中＿標注後/正常/114-1955.wav
497,114-1955.wav,1,Normal,New,565.0,575.0,-27.033531188964844,/home/willy/pig/audio/診中＿標注後/正常/114-1955.wav
498,114-1955.wav,1,Normal,New,570.0,580.0,-36.54178237915039,/home/willy/pig/audio/診中＿標注後/正常/114-1955.wav
499,114-1955.wav,1,Normal,New,575.0,585.0,-33.35683059692383,/home/willy/pig/audio/診中＿標注後/正常/114-1955.wav
500,114-1955.wav,0,NoBreathing,New,120.0,130.0,-52.884620666503906,/home/willy/pig/audio/診中＿標注後/正常/114-1955.wav
501,114-1955.wav,0,NoBreathing,New,480.0,490.0,-180.0,/home/willy/pig/audio/診中＿標注後/正常/114-1955.wav
502,114-1955.wav,0,NoBreathing,New,510.0,520.0,-180.0,/home/willy/pig/audio/診中＿標注後/正常/114-1955.wav
503,114-1698.wav,1,Normal,New,0.0,10.0,-16.090349197387695,/home/willy/pig/audio/診中＿標注後/正常/114-1698.wav
504,114-1698.wav,1,Normal,New,5.0,15.0,-17.017227172851562,/home/willy/pig/audio/診中＿標注後/正常/114-1698.wav
505,114-1698.wav,1,Normal,New,10.0,20.0,-19.953948974609375,/home/willy/pig/audio/診中＿標注後/正常/114-1698.wav
506,114-1698.wav,1,Normal,New,15.0,25.0,-19.429222106933594,/home/willy/pig/audio/診中＿標注後/正常/114-1698.wav
507,114-1698.wav,1,Normal,New,20.0,30.0,-15.35938835144043,/home/willy/pig/audio/診中＿標注後/正常/114-1698.wav
508,114-1698.wav,1,Normal,New,25.0,35.0,-15.61447525024414,/home/willy/pig/audio/診中＿標注後/正常/114-1698.wav
509,114-1698.wav,1,Normal,New,30.0,40.0,-21.309879302978516,/home/willy/pig/audio/診中＿標注後/正常/114-1698.wav
510,114-1698.wav,1,Normal,New,35.0,45.0,-19.659238815307617,/home/willy/pig/audio/診中＿標注後/正常/114-1698.wav
511,114-1698.wav,1,Normal,New,40.0,50.0,-18.08487319946289,/home/willy/pig/audio/診中＿標注後/正常/114-1698.wav
512,114-1698.wav,1,Normal,New,45.0,55.0,-16.023990631103516,/home/willy/pig/audio/診中＿標注後/正常/114-1698.wav
513,114-1698.wav,1,Normal,New,50.0,60.0,-15.820110321044922,/home/willy/pig/audio/診中＿標注後/正常/114-1698.wav
514,114-1698.wav,1,Normal,New,55.0,65.0,-16.209182739257812,/home/willy/pig/audio/診中＿標注後/正常/114-1698.wav
515,114-1698.wav,1,Normal,New,60.0,70.0,-15.617435455322266,/home/willy/pig/audio/診中＿標注後/正常/114-1698.wav
516,114-1698.wav,1,Normal,New,65.0,75.0,-16.698291778564453,/home/willy/pig/audio/診中＿標注後/正常/114-1698.wav
517,114-1698.wav,1,Normal,New,70.0,80.0,-16.241985321044922,/home/willy/pig/audio/診中＿標注後/正常/114-1698.wav
518,114-1698.wav,1,Normal,New,75.0,85.0,-14.362687110900879,/home/willy/pig/audio/診中＿標注後/正常/114-1698.wav
519,114-1698.wav,1,Normal,New,80.0,90.0,-13.880311012268066,/home/willy/pig/audio/診中＿標注後/正常/114-1698.wav
520,114-1698.wav,1,Normal,New,85.0,95.0,-15.589255332946777,/home/willy/pig/audio/診中＿標注後/正常/114-1698.wav
521,114-1698.wav,1,Normal,New,90.0,100.0,-21.638586044311523,/home/willy/pig/audio/診中＿標注後/正常/114-1698.wav
522,114-1698.wav,1,Normal,New,105.0,115.0,-22.900564193725586,/home/willy/pig/audio/診中＿標注後/正常/114-1698.wav
523,114-1698.wav,1,Normal,New,110.0,120.0,-20.536754608154297,/home/willy/pig/audio/診中＿標注後/正常/114-1698.wav
524,114-1698.wav,1,Normal,New,115.0,125.0,-24.115528106689453,/home/willy/pig/audio/診中＿標注後/正常/114-1698.wav
525,114-1698.wav,1,Normal,New,120.0,130.0,-25.110929489135742,/home/willy/pig/audio/診中＿標注後/正常/114-1698.wav
526,114-1698.wav,1,Normal,New,125.0,135.0,-21.133663177490234,/home/willy/pig/audio/診中＿標注後/正常/114-1698.wav
527,114-1698.wav,1,Normal,New,130.0,140.0,-23.119434356689453,/home/willy/pig/audio/診中＿標注後/正常/114-1698.wav
528,114-1698.wav,1,Normal,New,135.0,145.0,-35.262489318847656,/home/willy/pig/audio/診中＿標注後/正常/114-1698.wav
529,114-1698.wav,1,Normal,New,140.0,150.0,-36.036598205566406,/home/willy/pig/audio/診中＿標注後/正常/114-1698.wav
530,114-1698.wav,1,Normal,New,145.0,155.0,-18.851585388183594,/home/willy/pig/audio/診中＿標注後/正常/114-1698.wav
531,114-1698.wav,1,Normal,New,150.0,160.0,-16.573970794677734,/home/willy/pig/audio/診中＿標注後/正常/114-1698.wav
532,114-1698.wav,1,Normal,New,155.0,165.0,-19.9537353515625,/home/willy/pig/audio/診中＿標注後/正常/114-1698.wav
533,114-1698.wav,1,Normal,New,160.0,170.0,-22.7810001373291,/home/willy/pig/audio/診中＿標注後/正常/114-1698.wav
534,114-1698.wav,1,Normal,New,165.0,175.0,-19.66671371459961,/home/willy/pig/audio/診中＿標注後/正常/114-1698.wav
535,114-1698.wav,1,Normal,New,170.0,180.0,-21.79805564880371,/home/willy/pig/audio/診中＿標注後/正常/114-1698.wav
536,114-1698.wav,1,Normal,New,250.0,260.0,-20.96255874633789,/home/willy/pig/audio/診中＿標注後/正常/114-1698.wav
537,114-1698.wav,1,Normal,New,255.0,265.0,-17.874542236328125,/home/willy/pig/audio/診中＿標注後/正常/114-1698.wav
538,114-1698.wav,1,Normal,New,260.0,270.0,-20.808490753173828,/home/willy/pig/audio/診中＿標注後/正常/114-1698.wav
539,114-1698.wav,1,Normal,New,270.0,280.0,-32.60256576538086,/home/willy/pig/audio/診中＿標注後/正常/114-1698.wav
540,114-1698.wav,1,Normal,New,275.0,285.0,-32.70234680175781,/home/willy/pig/audio/診中＿標注後/正常/114-1698.wav
541,114-1698.wav,1,Normal,New,285.0,295.0,-22.463233947753906,/home/willy/pig/audio/診中＿標注後/正常/114-1698.wav
542,114-1698.wav,1,Normal,New,290.0,300.0,-19.90660858154297,/home/willy/pig/audio/診中＿標注後/正常/114-1698.wav
543,114-1698.wav,1,Normal,New,295.0,305.0,-20.15163803100586,/home/willy/pig/audio/診中＿標注後/正常/114-1698.wav
544,114-1698.wav,1,Normal,New,300.0,310.0,-22.40436553955078,/home/willy/pig/audio/診中＿標注後/正常/114-1698.wav
545,114-1698.wav,1,Normal,New,305.0,315.0,-21.757442474365234,/home/willy/pig/audio/診中＿標注後/正常/114-1698.wav
546,114-1698.wav,1,Normal,New,310.0,320.0,-22.17099952697754,/home/willy/pig/audio/診中＿標注後/正常/114-1698.wav
547,114-1698.wav,1,Normal,New,315.0,325.0,-19.629762649536133,/home/willy/pig/audio/診中＿標注後/正常/114-1698.wav
548,114-1698.wav,1,Normal,New,320.0,330.0,-19.49017906188965,/home/willy/pig/audio/診中＿標注後/正常/114-1698.wav
549,114-1698.wav,1,Normal,New,325.0,335.0,-31.270885467529297,/home/willy/pig/audio/診中＿標注後/正常/114-1698.wav
550,114-1698.wav,1,Normal,New,330.0,340.0,-20.989654541015625,/home/willy/pig/audio/診中＿標注後/正常/114-1698.wav
551,114-1698.wav,1,Normal,New,335.0,345.0,-18.615447998046875,/home/willy/pig/audio/診中＿標注後/正常/114-1698.wav
552,114-1698.wav,1,Normal,New,340.0,350.0,-21.72913360595703,/home/willy/pig/audio/診中＿標注後/正常/114-1698.wav
553,114-1698.wav,1,Normal,New,345.0,355.0,-17.27903175354004,/home/willy/pig/audio/診中＿標注後/正常/114-1698.wav
554,114-1698.wav,1,Normal,New,350.0,360.0,-15.283676147460938,/home/willy/pig/audio/診中＿標注後/正常/114-1698.wav
555,114-1698.wav,1,Normal,New,355.0,365.0,-17.071584701538086,/home/willy/pig/audio/診中＿標注後/正常/114-1698.wav
556,114-1698.wav,1,Normal,New,360.0,370.0,-19.421300888061523,/home/willy/pig/audio/診中＿標注後/正常/114-1698.wav
557,114-1698.wav,1,Normal,New,365.0,375.0,-24.575223922729492,/home/willy/pig/audio/診中＿標注後/正常/114-1698.wav
558,114-1698.wav,1,Normal,New,370.0,380.0,-18.313201904296875,/home/willy/pig/audio/診中＿標注後/正常/114-1698.wav
559,114-1698.wav,0,NoBreathing,New,180.0,190.0,-180.0,/home/willy/pig/audio/診中＿標注後/正常/114-1698.wav
560,114-1698.wav,0,NoBreathing,New,210.0,220.0,-180.0,/home/willy/pig/audio/診中＿標注後/正常/114-1698.wav
561,114-1698.wav,0,NoBreathing,New,240.0,250.0,-180.0,/home/willy/pig/audio/診中＿標注後/正常/114-1698.wav
562,114-380,2,Abnormal,Old,30.62434,40.624340000000004,0.0,/home/willy/pig/audio/Abnormal/114-380.wav
563,114-380,2,Abnormal,Old,35.624340000000004,45.624340000000004,0.0,/home/willy/pig/audio/Abnormal/114-380.wav
564,114-380,2,Abnormal,Old,40.624340000000004,50.624340000000004,0.0,/home/willy/pig/audio/Abnormal/114-380.wav
565,114-380,2,Abnormal,Old,45.624340000000004,55.624340000000004,0.0,/home/willy/pig/audio/Abnormal/114-380.wav
566,114-380,2,Abnormal,Old,50.624340000000004,60.624340000000004,0.0,/home/willy/pig/audio/Abnormal/114-380.wav
567,114-380,2,Abnormal,Old,55.624340000000004,65.62434,0.0,/home/willy/pig/audio/Abnormal/114-380.wav
568,114-380,2,Abnormal,Old,60.624340000000004,70.62434,0.0,/home/willy/pig/audio/Abnormal/114-380.wav
569,114-380,2,Abnormal,Old,65.62434,75.62434,0.0,/home/willy/pig/audio/Abnormal/114-380.wav
570,114-380,2,Abnormal,Old,70.62434,80.62434,0.0,/home/willy/pig/audio/Abnormal/114-380.wav
571,114-380,2,Abnormal,Old,75.62434,85.62434,0.0,/home/willy/pig/audio/Abnormal/114-380.wav
572,114-380,2,Abnormal,Old,80.62434,90.62434,0.0,/home/willy/pig/audio/Abnormal/114-380.wav
573,114-380,2,Abnormal,Old,85.62434,95.62434,0.0,/home/willy/pig/audio/Abnormal/114-380.wav
574,114-380,2,Abnormal,Old,90.62434,100.62434,0.0,/home/willy/pig/audio/Abnormal/114-380.wav
575,114-380,2,Abnormal,Old,95.62434,105.62434,0.0,/home/willy/pig/audio/Abnormal/114-380.wav
576,114-380,2,Abnormal,Old,100.62434,110.62434,0.0,/home/willy/pig/audio/Abnormal/114-380.wav
577,114-380,2,Abnormal,Old,105.62434,115.62434,0.0,/home/willy/pig/audio/Abnormal/114-380.wav
578,114-380,2,Abnormal,Old,110.62434,120.62434,0.0,/home/willy/pig/audio/Abnormal/114-380.wav
579,114-380,2,Abnormal,Old,133.112198,143.112198,0.0,/home/willy/pig/audio/Abnormal/114-380.wav
580,114-380,2,Abnormal,Old,138.112198,148.112198,0.0,/home/willy/pig/audio/Abnormal/114-380.wav
581,114-380,2,Abnormal,Old,170.49391500000002,180.49391500000002,0.0,/home/willy/pig/audio/Abnormal/114-380.wav
582,114-380,2,Abnormal,Old,185.822239,195.822239,0.0,/home/willy/pig/audio/Abnormal/114-380.wav
583,114-380,2,Abnormal,Old,301.0496335,311.0496335,0.0,/home/willy/pig/audio/Abnormal/114-380.wav
584,114-380,2,Abnormal,Old,332.99545,342.99545,0.0,/home/willy/pig/audio/Abnormal/114-380.wav
585,114-380,2,Abnormal,Old,399.292288,409.292288,0.0,/home/willy/pig/audio/Abnormal/114-380.wav
586,114-380,2,Abnormal,Old,404.292288,414.292288,0.0,/home/willy/pig/audio/Abnormal/114-380.wav
587,114-380,2,Abnormal,Old,409.292288,419.292288,0.0,/home/willy/pig/audio/Abnormal/114-380.wav
588,114-380,2,Abnormal,Old,414.292288,424.292288,0.0,/home/willy/pig/audio/Abnormal/114-380.wav
589,114-380,2,Abnormal,Old,419.292288,429.292288,0.0,/home/willy/pig/audio/Abnormal/114-380.wav
590,114-380,2,Abnormal,Old,424.292288,434.292288,0.0,/home/willy/pig/audio/Abnormal/114-380.wav
591,114-380,2,Abnormal,Old,429.292288,439.292288,0.0,/home/willy/pig/audio/Abnormal/114-380.wav
592,114-380,2,Abnormal,Old,434.292288,444.292288,0.0,/home/willy/pig/audio/Abnormal/114-380.wav
593,114-380,2,Abnormal,Old,448.183757,458.183757,0.0,/home/willy/pig/audio/Abnormal/114-380.wav
594,114-380,2,Abnormal,Old,453.183757,463.183757,0.0,/home/willy/pig/audio/Abnormal/114-380.wav
595,114-380,2,Abnormal,Old,458.183757,468.183757,0.0,/home/willy/pig/audio/Abnormal/114-380.wav
596,114-380,2,Abnormal,Old,463.183757,473.183757,0.0,/home/willy/pig/audio/Abnormal/114-380.wav
597,114-380,2,Abnormal,Old,468.183757,478.183757,0.0,/home/willy/pig/audio/Abnormal/114-380.wav
598,114-380,2,Abnormal,Old,473.183757,483.183757,0.0,/home/willy/pig/audio/Abnormal/114-380.wav
599,114-380,2,Abnormal,Old,478.183757,488.183757,0.0,/home/willy/pig/audio/Abnormal/114-380.wav
600,114-380,2,Abnormal,Old,483.183757,493.183757,0.0,/home/willy/pig/audio/Abnormal/114-380.wav
601,114-380,2,Abnormal,Old,488.183757,498.183757,0.0,/home/willy/pig/audio/Abnormal/114-380.wav
602,114-380,2,Abnormal,Old,493.183757,503.183757,0.0,/home/willy/pig/audio/Abnormal/114-380.wav
603,114-380,2,Abnormal,Old,498.183757,508.183757,0.0,/home/willy/pig/audio/Abnormal/114-380.wav
604,114-380,2,Abnormal,Old,503.183757,513.183757,0.0,/home/willy/pig/audio/Abnormal/114-380.wav
605,114-380,2,Abnormal,Old,508.183757,518.183757,0.0,/home/willy/pig/audio/Abnormal/114-380.wav
606,114-380,2,Abnormal,Old,513.183757,523.183757,0.0,/home/willy/pig/audio/Abnormal/114-380.wav
607,114-380,2,Abnormal,Old,518.183757,528.183757,0.0,/home/willy/pig/audio/Abnormal/114-380.wav
608,114-380,2,Abnormal,Old,523.183757,533.183757,0.0,/home/willy/pig/audio/Abnormal/114-380.wav
609,114-380,2,Abnormal,Old,528.183757,538.183757,0.0,/home/willy/pig/audio/Abnormal/114-380.wav
610,114-380,2,Abnormal,Old,533.183757,543.183757,0.0,/home/willy/pig/audio/Abnormal/114-380.wav
611,114-380,2,Abnormal,Old,598.1829190000001,608.1829190000001,0.0,/home/willy/pig/audio/Abnormal/114-380.wav
612,114-380,2,Abnormal,Old,616.440417,626.440417,0.0,/home/willy/pig/audio/Abnormal/114-380.wav
613,114-380,2,Abnormal,Old,621.440417,631.440417,0.0,/home/willy/pig/audio/Abnormal/114-380.wav
614,114-380,2,Abnormal,Old,626.440417,636.440417,0.0,/home/willy/pig/audio/Abnormal/114-380.wav
615,114-380,2,Abnormal,Old,631.440417,641.440417,0.0,/home/willy/pig/audio/Abnormal/114-380.wav
616,114-380,2,Abnormal,Old,636.440417,646.440417,0.0,/home/willy/pig/audio/Abnormal/114-380.wav
617,114-380,2,Abnormal,Old,648.228786,658.228786,0.0,/home/willy/pig/audio/Abnormal/114-380.wav
618,114-380,2,Abnormal,Old,653.228786,663.228786,0.0,/home/willy/pig/audio/Abnormal/114-380.wav
619,114-380,2,Abnormal,Old,658.228786,668.228786,0.0,/home/willy/pig/audio/Abnormal/114-380.wav
620,114-380,2,Abnormal,Old,663.228786,673.228786,0.0,/home/willy/pig/audio/Abnormal/114-380.wav
621,114-380,2,Abnormal,Old,668.228786,678.228786,0.0,/home/willy/pig/audio/Abnormal/114-380.wav
622,114-380,2,Abnormal,Old,673.228786,683.228786,0.0,/home/willy/pig/audio/Abnormal/114-380.wav
623,114-380,2,Abnormal,Old,678.228786,688.228786,0.0,/home/willy/pig/audio/Abnormal/114-380.wav
624,114-380,2,Abnormal,Old,695.528639,705.528639,0.0,/home/willy/pig/audio/Abnormal/114-380.wav
625,114-380,2,Abnormal,Old,731.594458,741.594458,0.0,/home/willy/pig/audio/Abnormal/114-380.wav
626,114-380,2,Abnormal,Old,736.594458,746.594458,0.0,/home/willy/pig/audio/Abnormal/114-380.wav
627,114-380,2,Abnormal,Old,741.594458,751.594458,0.0,/home/willy/pig/audio/Abnormal/114-380.wav
628,114-380,2,Abnormal,Old,755.266141,765.266141,0.0,/home/willy/pig/audio/Abnormal/114-380.wav
629,114-380,2,Abnormal,Old,760.266141,770.266141,0.0,/home/willy/pig/audio/Abnormal/114-380.wav
630,114-380,2,Abnormal,Old,765.266141,775.266141,0.0,/home/willy/pig/audio/Abnormal/114-380.wav
631,114-380,2,Abnormal,Old,770.266141,780.266141,0.0,/home/willy/pig/audio/Abnormal/114-380.wav
632,114-380,2,Abnormal,Old,775.266141,785.266141,0.0,/home/willy/pig/audio/Abnormal/114-380.wav
633,114-380,2,Abnormal,Old,780.266141,790.266141,0.0,/home/willy/pig/audio/Abnormal/114-380.wav
634,114-380,2,Abnormal,Old,785.266141,795.266141,0.0,/home/willy/pig/audio/Abnormal/114-380.wav
635,114-380,2,Abnormal,Old,790.266141,800.266141,0.0,/home/willy/pig/audio/Abnormal/114-380.wav
636,114-380,2,Abnormal,Old,795.266141,805.266141,0.0,/home/willy/pig/audio/Abnormal/114-380.wav
637,114-380,2,Abnormal,Old,800.266141,810.266141,0.0,/home/willy/pig/audio/Abnormal/114-380.wav
638,114-380,2,Abnormal,Old,805.266141,815.266141,0.0,/home/willy/pig/audio/Abnormal/114-380.wav
639,114-380,2,Abnormal,Old,810.266141,820.266141,0.0,/home/willy/pig/audio/Abnormal/114-380.wav
640,114-380,2,Abnormal,Old,815.266141,825.266141,0.0,/home/willy/pig/audio/Abnormal/114-380.wav
641,114-380,2,Abnormal,Old,820.266141,830.266141,0.0,/home/willy/pig/audio/Abnormal/114-380.wav
642,114-380,2,Abnormal,Old,825.266141,835.266141,0.0,/home/willy/pig/audio/Abnormal/114-380.wav
643,114-380,2,Abnormal,Old,830.266141,840.266141,0.0,/home/willy/pig/audio/Abnormal/114-380.wav
644,114-380,2,Abnormal,Old,835.266141,845.266141,0.0,/home/willy/pig/audio/Abnormal/114-380.wav
645,114-380,2,Abnormal,Old,840.266141,850.266141,0.0,/home/willy/pig/audio/Abnormal/114-380.wav
646,114-380,2,Abnormal,Old,845.266141,855.266141,0.0,/home/willy/pig/audio/Abnormal/114-380.wav
647,114-380,2,Abnormal,Old,850.266141,860.266141,0.0,/home/willy/pig/audio/Abnormal/114-380.wav
648,114-380,2,Abnormal,Old,855.266141,865.266141,0.0,/home/willy/pig/audio/Abnormal/114-380.wav
649,114-380,2,Abnormal,Old,860.266141,870.266141,0.0,/home/willy/pig/audio/Abnormal/114-380.wav
650,114-380,2,Abnormal,Old,909.129924,919.129924,0.0,/home/willy/pig/audio/Abnormal/114-380.wav
651,114-380,2,Abnormal,Old,919.80164,929.80164,0.0,/home/willy/pig/audio/Abnormal/114-380.wav
652,114-380,2,Abnormal,Old,946.0528979999999,956.0528979999999,0.0,/home/willy/pig/audio/Abnormal/114-380.wav
653,114-380,2,Abnormal,Old,958.4642335,968.4642335,0.0,/home/willy/pig/audio/Abnormal/114-380.wav
654,114-380,0,NoBreathing,Old,0.0,10.0,0.0,/home/willy/pig/audio/Abnormal/114-380.wav
655,114-380,0,NoBreathing,Old,151.379698,161.379698,0.0,/home/willy/pig/audio/Abnormal/114-380.wav
656,114-380,0,NoBreathing,Old,200.298156,210.298156,0.0,/home/willy/pig/audio/Abnormal/114-380.wav
657,114-380,0,NoBreathing,Old,230.298156,240.298156,0.0,/home/willy/pig/audio/Abnormal/114-380.wav
658,114-380,0,NoBreathing,Old,260.298156,270.298156,0.0,/home/willy/pig/audio/Abnormal/114-380.wav
659,114-380,0,NoBreathing,Old,290.298156,300.298156,0.0,/home/willy/pig/audio/Abnormal/114-380.wav
660,114-380,0,NoBreathing,Old,310.769113,320.769113,0.0,/home/willy/pig/audio/Abnormal/114-380.wav
661,114-380,0,NoBreathing,Old,347.601723,357.601723,0.0,/home/willy/pig/audio/Abnormal/114-380.wav
662,114-380,0,NoBreathing,Old,377.601723,387.601723,0.0,/home/willy/pig/audio/Abnormal/114-380.wav
663,114-380,0,NoBreathing,Old,544.525931,554.525931,0.0,/home/willy/pig/audio/Abnormal/114-380.wav
664,114-380,0,NoBreathing,Old,574.525931,584.525931,0.0,/home/willy/pig/audio/Abnormal/114-380.wav
665,114-380,0,NoBreathing,Old,705.601616,715.601616,0.0,/home/willy/pig/audio/Abnormal/114-380.wav
666,114-380,0,NoBreathing,Old,874.235674,884.235674,0.0,/home/willy/pig/audio/Abnormal/114-380.wav
667,114-380,0,NoBreathing,Old,927.083912,937.083912,0.0,/home/willy/pig/audio/Abnormal/114-380.wav
668,114-1314,2,Abnormal,Old,1.203499,11.203499,0.0,/home/willy/pig/audio/Abnormal/114-1314.wav
669,114-1314,2,Abnormal,Old,6.203499,16.203499,0.0,/home/willy/pig/audio/Abnormal/114-1314.wav
670,114-1314,2,Abnormal,Old,11.203499,21.203499,0.0,/home/willy/pig/audio/Abnormal/114-1314.wav
671,114-1314,2,Abnormal,Old,16.203499,26.203499,0.0,/home/willy/pig/audio/Abnormal/114-1314.wav
672,114-1314,2,Abnormal,Old,21.203499,31.203499,0.0,/home/willy/pig/audio/Abnormal/114-1314.wav
673,114-1314,2,Abnormal,Old,26.203499,36.203499,0.0,/home/willy/pig/audio/Abnormal/114-1314.wav
674,114-1314,2,Abnormal,Old,31.203499,41.203499,0.0,/home/willy/pig/audio/Abnormal/114-1314.wav
675,114-1314,2,Abnormal,Old,36.203499,46.203499,0.0,/home/willy/pig/audio/Abnormal/114-1314.wav
676,114-1314,2,Abnormal,Old,41.203499,51.203499,0.0,/home/willy/pig/audio/Abnormal/114-1314.wav
677,114-1314,2,Abnormal,Old,46.203499,56.203499,0.0,/home/willy/pig/audio/Abnormal/114-1314.wav
678,114-1314,2,Abnormal,Old,51.203499,61.203499,0.0,/home/willy/pig/audio/Abnormal/114-1314.wav
679,114-1314,2,Abnormal,Old,56.203499,66.203499,0.0,/home/willy/pig/audio/Abnormal/114-1314.wav
680,114-1314,2,Abnormal,Old,61.203499,71.203499,0.0,/home/willy/pig/audio/Abnormal/114-1314.wav
681,114-1314,2,Abnormal,Old,77.441784,87.441784,0.0,/home/willy/pig/audio/Abnormal/114-1314.wav
682,114-1314,2,Abnormal,Old,82.441784,92.441784,0.0,/home/willy/pig/audio/Abnormal/114-1314.wav
683,114-1314,2,Abnormal,Old,87.441784,97.441784,0.0,/home/willy/pig/audio/Abnormal/114-1314.wav
684,114-1314,2,Abnormal,Old,92.441784,102.441784,0.0,/home/willy/pig/audio/Abnormal/114-1314.wav
685,114-1314,2,Abnormal,Old,97.441784,107.441784,0.0,/home/willy/pig/audio/Abnormal/114-1314.wav
686,114-1314,2,Abnormal,Old,102.441784,112.441784,0.0,/home/willy/pig/audio/Abnormal/114-1314.wav
687,114-1314,2,Abnormal,Old,107.441784,117.441784,0.0,/home/willy/pig/audio/Abnormal/114-1314.wav
688,114-1314,2,Abnormal,Old,112.441784,122.441784,0.0,/home/willy/pig/audio/Abnormal/114-1314.wav
689,114-1314,2,Abnormal,Old,117.441784,127.441784,0.0,/home/willy/pig/audio/Abnormal/114-1314.wav
690,114-1314,2,Abnormal,Old,122.441784,132.44178399999998,0.0,/home/willy/pig/audio/Abnormal/114-1314.wav
691,114-1314,2,Abnormal,Old,127.441784,137.44178399999998,0.0,/home/willy/pig/audio/Abnormal/114-1314.wav
692,114-1314,2,Abnormal,Old,132.44178399999998,142.44178399999998,0.0,/home/willy/pig/audio/Abnormal/114-1314.wav
693,114-1314,2,Abnormal,Old,147.245851,157.245851,0.0,/home/willy/pig/audio/Abnormal/114-1314.wav
694,114-1314,2,Abnormal,Old,152.245851,162.245851,0.0,/home/willy/pig/audio/Abnormal/114-1314.wav
695,114-1314,2,Abnormal,Old,157.245851,167.245851,0.0,/home/willy/pig/audio/Abnormal/114-1314.wav
696,114-1314,2,Abnormal,Old,162.245851,172.245851,0.0,/home/willy/pig/audio/Abnormal/114-1314.wav
697,114-1314,2,Abnormal,Old,167.245851,177.245851,0.0,/home/willy/pig/audio/Abnormal/114-1314.wav
698,114-1314,2,Abnormal,Old,172.245851,182.245851,0.0,/home/willy/pig/audio/Abnormal/114-1314.wav
699,114-1314,2,Abnormal,Old,177.245851,187.245851,0.0,/home/willy/pig/audio/Abnormal/114-1314.wav
700,114-1314,2,Abnormal,Old,182.245851,192.245851,0.0,/home/willy/pig/audio/Abnormal/114-1314.wav
701,114-1314,2,Abnormal,Old,187.245851,197.245851,0.0,/home/willy/pig/audio/Abnormal/114-1314.wav
702,114-1314,2,Abnormal,Old,192.245851,202.245851,0.0,/home/willy/pig/audio/Abnormal/114-1314.wav
703,114-1314,2,Abnormal,Old,197.245851,207.245851,0.0,/home/willy/pig/audio/Abnormal/114-1314.wav
704,114-1314,2,Abnormal,Old,202.245851,212.245851,0.0,/home/willy/pig/audio/Abnormal/114-1314.wav
705,114-1314,2,Abnormal,Old,207.245851,217.245851,0.0,/home/willy/pig/audio/Abnormal/114-1314.wav
706,114-1314,2,Abnormal,Old,212.245851,222.245851,0.0,/home/willy/pig/audio/Abnormal/114-1314.wav
707,114-1314,2,Abnormal,Old,217.245851,227.245851,0.0,/home/willy/pig/audio/Abnormal/114-1314.wav
708,114-1314,2,Abnormal,Old,222.245851,232.245851,0.0,/home/willy/pig/audio/Abnormal/114-1314.wav
709,114-1314,2,Abnormal,Old,227.245851,237.245851,0.0,/home/willy/pig/audio/Abnormal/114-1314.wav
710,114-1314,2,Abnormal,Old,232.245851,242.245851,0.0,/home/willy/pig/audio/Abnormal/114-1314.wav
711,114-1314,2,Abnormal,Old,237.245851,247.245851,0.0,/home/willy/pig/audio/Abnormal/114-1314.wav
712,114-1314,2,Abnormal,Old,242.245851,252.245851,0.0,/home/willy/pig/audio/Abnormal/114-1314.wav
713,114-1314,2,Abnormal,Old,247.245851,257.245851,0.0,/home/willy/pig/audio/Abnormal/114-1314.wav
714,114-1314,2,Abnormal,Old,252.245851,262.245851,0.0,/home/willy/pig/audio/Abnormal/114-1314.wav
715,114-1314,2,Abnormal,Old,257.245851,267.245851,0.0,/home/willy/pig/audio/Abnormal/114-1314.wav
716,114-1314,2,Abnormal,Old,262.245851,272.245851,0.0,/home/willy/pig/audio/Abnormal/114-1314.wav
717,114-1314,2,Abnormal,Old,267.245851,277.245851,0.0,/home/willy/pig/audio/Abnormal/114-1314.wav
718,114-1314,2,Abnormal,Old,272.245851,282.245851,0.0,/home/willy/pig/audio/Abnormal/114-1314.wav
719,114-1314,2,Abnormal,Old,277.245851,287.245851,0.0,/home/willy/pig/audio/Abnormal/114-1314.wav
720,114-1314,2,Abnormal,Old,282.245851,292.245851,0.0,/home/willy/pig/audio/Abnormal/114-1314.wav
721,114-1314,2,Abnormal,Old,287.245851,297.245851,0.0,/home/willy/pig/audio/Abnormal/114-1314.wav
722,114-1314,2,Abnormal,Old,292.245851,302.245851,0.0,/home/willy/pig/audio/Abnormal/114-1314.wav
723,114-1314,2,Abnormal,Old,297.245851,307.245851,0.0,/home/willy/pig/audio/Abnormal/114-1314.wav
724,114-1314,2,Abnormal,Old,302.245851,312.245851,0.0,/home/willy/pig/audio/Abnormal/114-1314.wav
725,114-1314,2,Abnormal,Old,307.245851,317.245851,0.0,/home/willy/pig/audio/Abnormal/114-1314.wav
726,114-1314,2,Abnormal,Old,312.245851,322.245851,0.0,/home/willy/pig/audio/Abnormal/114-1314.wav
727,114-1314,2,Abnormal,Old,317.245851,327.245851,0.0,/home/willy/pig/audio/Abnormal/114-1314.wav
728,114-1314,2,Abnormal,Old,322.245851,332.245851,0.0,/home/willy/pig/audio/Abnormal/114-1314.wav
729,114-1314,2,Abnormal,Old,327.245851,337.245851,0.0,/home/willy/pig/audio/Abnormal/114-1314.wav
730,114-1314,2,Abnormal,Old,332.245851,342.245851,0.0,/home/willy/pig/audio/Abnormal/114-1314.wav
731,114-1314,2,Abnormal,Old,337.245851,347.245851,0.0,/home/willy/pig/audio/Abnormal/114-1314.wav
732,114-1314,2,Abnormal,Old,342.245851,352.245851,0.0,/home/willy/pig/audio/Abnormal/114-1314.wav
733,114-1314,2,Abnormal,Old,347.245851,357.245851,0.0,/home/willy/pig/audio/Abnormal/114-1314.wav
734,114-1314,2,Abnormal,Old,352.245851,362.245851,0.0,/home/willy/pig/audio/Abnormal/114-1314.wav
735,114-1314,2,Abnormal,Old,357.245851,367.245851,0.0,/home/willy/pig/audio/Abnormal/114-1314.wav
736,114-1314,2,Abnormal,Old,362.245851,372.245851,0.0,/home/willy/pig/audio/Abnormal/114-1314.wav
737,114-1314,2,Abnormal,Old,367.245851,377.245851,0.0,/home/willy/pig/audio/Abnormal/114-1314.wav
738,114-1314,2,Abnormal,Old,372.245851,382.245851,0.0,/home/willy/pig/audio/Abnormal/114-1314.wav
739,114-1314,2,Abnormal,Old,377.245851,387.245851,0.0,/home/willy/pig/audio/Abnormal/114-1314.wav
740,114-1314,2,Abnormal,Old,382.245851,392.245851,0.0,/home/willy/pig/audio/Abnormal/114-1314.wav
741,114-1314,2,Abnormal,Old,387.245851,397.245851,0.0,/home/willy/pig/audio/Abnormal/114-1314.wav
742,114-1314,2,Abnormal,Old,392.245851,402.245851,0.0,/home/willy/pig/audio/Abnormal/114-1314.wav
743,114-1314,2,Abnormal,Old,397.245851,407.245851,0.0,/home/willy/pig/audio/Abnormal/114-1314.wav
744,114-1314,2,Abnormal,Old,402.245851,412.245851,0.0,/home/willy/pig/audio/Abnormal/114-1314.wav
745,114-1314,2,Abnormal,Old,407.245851,417.245851,0.0,/home/willy/pig/audio/Abnormal/114-1314.wav
746,114-1314,2,Abnormal,Old,412.245851,422.245851,0.0,/home/willy/pig/audio/Abnormal/114-1314.wav
747,114-1314,2,Abnormal,Old,417.245851,427.245851,0.0,/home/willy/pig/audio/Abnormal/114-1314.wav
748,114-1314,2,Abnormal,Old,422.245851,432.245851,0.0,/home/willy/pig/audio/Abnormal/114-1314.wav
749,114-1314,2,Abnormal,Old,427.245851,437.245851,0.0,/home/willy/pig/audio/Abnormal/114-1314.wav
750,114-1314,2,Abnormal,Old,432.245851,442.245851,0.0,/home/willy/pig/audio/Abnormal/114-1314.wav
751,114-1314,2,Abnormal,Old,437.245851,447.245851,0.0,/home/willy/pig/audio/Abnormal/114-1314.wav
752,114-1314,2,Abnormal,Old,442.245851,452.245851,0.0,/home/willy/pig/audio/Abnormal/114-1314.wav
753,114-1314,2,Abnormal,Old,447.245851,457.245851,0.0,/home/willy/pig/audio/Abnormal/114-1314.wav
754,114-1314,2,Abnormal,Old,452.245851,462.245851,0.0,/home/willy/pig/audio/Abnormal/114-1314.wav
755,114-1314,2,Abnormal,Old,457.245851,467.245851,0.0,/home/willy/pig/audio/Abnormal/114-1314.wav
756,114-1314,2,Abnormal,Old,462.245851,472.245851,0.0,/home/willy/pig/audio/Abnormal/114-1314.wav
757,114-1314,2,Abnormal,Old,467.245851,477.245851,0.0,/home/willy/pig/audio/Abnormal/114-1314.wav
758,114-1314,2,Abnormal,Old,472.245851,482.245851,0.0,/home/willy/pig/audio/Abnormal/114-1314.wav
759,20250109_338,1,Normal,Old,520.106651,530.106651,0.0,/home/willy/pig/audio/Normal/20250109_338.wav
760,20250109_338,1,Normal,Old,695.146418,705.146418,0.0,/home/willy/pig/audio/Normal/20250109_338.wav
761,20250109_338,1,Normal,Old,735.972323,745.972323,0.0,/home/willy/pig/audio/Normal/20250109_338.wav
762,20250109_338,1,Normal,Old,740.972323,750.972323,0.0,/home/willy/pig/audio/Normal/20250109_338.wav
763,20250109_338,1,Normal,Old,745.972323,755.972323,0.0,/home/willy/pig/audio/Normal/20250109_338.wav
764,20250109_338,1,Normal,Old,750.972323,760.972323,0.0,/home/willy/pig/audio/Normal/20250109_338.wav
765,20250109_338,1,Normal,Old,755.972323,765.972323,0.0,/home/willy/pig/audio/Normal/20250109_338.wav
766,20250109_338,1,Normal,Old,766.4603979999999,776.4603979999999,0.0,/home/willy/pig/audio/Normal/20250109_338.wav
767,20250109_338,1,Normal,Old,798.3518779999999,808.3518779999999,0.0,/home/willy/pig/audio/Normal/20250109_338.wav
768,20250109_338,1,Normal,Old,1355.744048,1365.744048,0.0,/home/willy/pig/audio/Normal/20250109_338.wav
769,20250109_338,1,Normal,Old,1371.754987,1381.754987,0.0,/home/willy/pig/audio/Normal/20250109_338.wav
770,20250109_338,1,Normal,Old,1377.852172,1387.852172,0.0,/home/willy/pig/audio/Normal/20250109_338.wav
771,20250109_338,1,Normal,Old,1382.852172,1392.852172,0.0,/home/willy/pig/audio/Normal/20250109_338.wav
772,20250109_338,1,Normal,Old,1387.852172,1397.852172,0.0,/home/willy/pig/audio/Normal/20250109_338.wav
773,20250109_338,1,Normal,Old,1392.852172,1402.852172,0.0,/home/willy/pig/audio/Normal/20250109_338.wav
774,20250109_338,1,Normal,Old,1407.33631,1417.33631,0.0,/home/willy/pig/audio/Normal/20250109_338.wav
775,20250109_338,1,Normal,Old,1412.33631,1422.33631,0.0,/home/willy/pig/audio/Normal/20250109_338.wav
776,20250109_338,1,Normal,Old,1417.33631,1427.33631,0.0,/home/willy/pig/audio/Normal/20250109_338.wav
777,20250109_338,1,Normal,Old,1459.756134,1469.756134,0.0,/home/willy/pig/audio/Normal/20250109_338.wav
778,20250109_338,1,Normal,Old,2044.624502,2054.6245019999997,0.0,/home/willy/pig/audio/Normal/20250109_338.wav
779,20250109_338,0,NoBreathing,Old,0.0,10.0,0.0,/home/willy/pig/audio/Normal/20250109_338.wav
780,20250109_338,0,NoBreathing,Old,30.0,40.0,0.0,/home/willy/pig/audio/Normal/20250109_338.wav
781,20250109_338,0,NoBreathing,Old,60.0,70.0,0.0,/home/willy/pig/audio/Normal/20250109_338.wav
782,20250109_338,0,NoBreathing,Old,90.0,100.0,0.0,/home/willy/pig/audio/Normal/20250109_338.wav
783,20250109_338,0,NoBreathing,Old,120.0,130.0,0.0,/home/willy/pig/audio/Normal/20250109_338.wav
784,20250109_338,0,NoBreathing,Old,150.0,160.0,0.0,/home/willy/pig/audio/Normal/20250109_338.wav
785,20250109_338,0,NoBreathing,Old,180.0,190.0,0.0,/home/willy/pig/audio/Normal/20250109_338.wav
786,20250109_338,0,NoBreathing,Old,210.0,220.0,0.0,/home/willy/pig/audio/Normal/20250109_338.wav
787,20250109_338,0,NoBreathing,Old,240.0,250.0,0.0,/home/willy/pig/audio/Normal/20250109_338.wav
788,20250109_338,0,NoBreathing,Old,270.0,280.0,0.0,/home/willy/pig/audio/Normal/20250109_338.wav
789,20250109_338,0,NoBreathing,Old,300.0,310.0,0.0,/home/willy/pig/audio/Normal/20250109_338.wav
790,20250109_338,0,NoBreathing,Old,330.0,340.0,0.0,/home/willy/pig/audio/Normal/20250109_338.wav
791,20250109_338,0,NoBreathing,Old,360.0,370.0,0.0,/home/willy/pig/audio/Normal/20250109_338.wav
792,20250109_338,0,NoBreathing,Old,390.0,400.0,0.0,/home/willy/pig/audio/Normal/20250109_338.wav
793,20250109_338,0,NoBreathing,Old,420.0,430.0,0.0,/home/willy/pig/audio/Normal/20250109_338.wav
794,20250109_338,0,NoBreathing,Old,450.0,460.0,0.0,/home/willy/pig/audio/Normal/20250109_338.wav
795,20250109_338,0,NoBreathing,Old,480.0,490.0,0.0,/home/willy/pig/audio/Normal/20250109_338.wav
796,20250109_338,0,NoBreathing,Old,510.0,520.0,0.0,/home/willy/pig/audio/Normal/20250109_338.wav
797,20250109_338,0,NoBreathing,Old,527.950307,537.950307,0.0,/home/willy/pig/audio/Normal/20250109_338.wav
798,20250109_338,0,NoBreathing,Old,557.950307,567.950307,0.0,/home/willy/pig/audio/Normal/20250109_338.wav
799,20250109_338,0,NoBreathing,Old,587.950307,597.950307,0.0,/home/willy/pig/audio/Normal/20250109_338.wav
800,20250109_338,0,NoBreathing,Old,617.950307,627.950307,0.0,/home/willy/pig/audio/Normal/20250109_338.wav
801,20250109_338,0,NoBreathing,Old,647.950307,657.950307,0.0,/home/willy/pig/audio/Normal/20250109_338.wav
802,20250109_338,0,NoBreathing,Old,677.950307,687.950307,0.0,/home/willy/pig/audio/Normal/20250109_338.wav
803,20250109_338,0,NoBreathing,Old,709.516004,719.516004,0.0,/home/willy/pig/audio/Normal/20250109_338.wav
804,20250109_338,0,NoBreathing,Old,772.595301,782.595301,0.0,/home/willy/pig/audio/Normal/20250109_338.wav
805,20250109_338,0,NoBreathing,Old,808.094549,818.094549,0.0,/home/willy/pig/audio/Normal/20250109_338.wav
806,20250109_338,0,NoBreathing,Old,838.094549,848.094549,0.0,/home/willy/pig/audio/Normal/20250109_338.wav
807,20250109_338,0,NoBreathing,Old,868.094549,878.094549,0.0,/home/willy/pig/audio/Normal/20250109_338.wav
808,20250109_338,0,NoBreathing,Old,898.094549,908.094549,0.0,/home/willy/pig/audio/Normal/20250109_338.wav
809,20250109_338,0,NoBreathing,Old,928.094549,938.094549,0.0,/home/willy/pig/audio/Normal/20250109_338.wav
810,20250109_338,0,NoBreathing,Old,958.094549,968.094549,0.0,/home/willy/pig/audio/Normal/20250109_338.wav
811,20250109_338,0,NoBreathing,Old,988.094549,998.094549,0.0,/home/willy/pig/audio/Normal/20250109_338.wav
812,20250109_338,0,NoBreathing,Old,1018.094549,1028.094549,0.0,/home/willy/pig/audio/Normal/20250109_338.wav
813,20250109_338,0,NoBreathing,Old,1048.094549,1058.094549,0.0,/home/willy/pig/audio/Normal/20250109_338.wav
814,20250109_338,0,NoBreathing,Old,1078.094549,1088.094549,0.0,/home/willy/pig/audio/Normal/20250109_338.wav
815,20250109_338,0,NoBreathing,Old,1108.094549,1118.094549,0.0,/home/willy/pig/audio/Normal/20250109_338.wav
816,20250109_338,0,NoBreathing,Old,1138.094549,1148.094549,0.0,/home/willy/pig/audio/Normal/20250109_338.wav
817,20250109_338,0,NoBreathing,Old,1168.094549,1178.094549,0.0,/home/willy/pig/audio/Normal/20250109_338.wav
818,20250109_338,0,NoBreathing,Old,1198.094549,1208.094549,0.0,/home/willy/pig/audio/Normal/20250109_338.wav
819,20250109_338,0,NoBreathing,Old,1228.094549,1238.094549,0.0,/home/willy/pig/audio/Normal/20250109_338.wav
820,20250109_338,0,NoBreathing,Old,1258.094549,1268.094549,0.0,/home/willy/pig/audio/Normal/20250109_338.wav
821,20250109_338,0,NoBreathing,Old,1288.094549,1298.094549,0.0,/home/willy/pig/audio/Normal/20250109_338.wav
822,20250109_338,0,NoBreathing,Old,1318.094549,1328.094549,0.0,/home/willy/pig/audio/Normal/20250109_338.wav
823,20250109_338,0,NoBreathing,Old,1363.571429,1373.571429,0.0,/home/willy/pig/audio/Normal/20250109_338.wav
824,20250109_338,0,NoBreathing,Old,1431.701227,1441.701227,0.0,/home/willy/pig/audio/Normal/20250109_338.wav
825,20250109_338,0,NoBreathing,Old,1472.682414,1482.682414,0.0,/home/willy/pig/audio/Normal/20250109_338.wav
826,20250109_338,0,NoBreathing,Old,1502.682414,1512.682414,0.0,/home/willy/pig/audio/Normal/20250109_338.wav
827,20250109_338,0,NoBreathing,Old,1532.682414,1542.682414,0.0,/home/willy/pig/audio/Normal/20250109_338.wav
828,20250109_338,0,NoBreathing,Old,1562.682414,1572.682414,0.0,/home/willy/pig/audio/Normal/20250109_338.wav
829,20250109_338,0,NoBreathing,Old,1592.682414,1602.682414,0.0,/home/willy/pig/audio/Normal/20250109_338.wav
830,20250109_338,0,NoBreathing,Old,1622.682414,1632.682414,0.0,/home/willy/pig/audio/Normal/20250109_338.wav
831,20250109_338,0,NoBreathing,Old,1652.682414,1662.682414,0.0,/home/willy/pig/audio/Normal/20250109_338.wav
832,20250109_338,0,NoBreathing,Old,1682.682414,1692.682414,0.0,/home/willy/pig/audio/Normal/20250109_338.wav
833,20250109_338,0,NoBreathing,Old,1712.682414,1722.682414,0.0,/home/willy/pig/audio/Normal/20250109_338.wav
834,20250109_338,0,NoBreathing,Old,1742.682414,1752.682414,0.0,/home/willy/pig/audio/Normal/20250109_338.wav
835,20250109_338,0,NoBreathing,Old,1772.682414,1782.682414,0.0,/home/willy/pig/audio/Normal/20250109_338.wav
836,20250109_338,0,NoBreathing,Old,1802.682414,1812.682414,0.0,/home/willy/pig/audio/Normal/20250109_338.wav
837,20250109_338,0,NoBreathing,Old,1832.682414,1842.682414,0.0,/home/willy/pig/audio/Normal/20250109_338.wav
838,20250109_338,0,NoBreathing,Old,1862.682414,1872.682414,0.0,/home/willy/pig/audio/Normal/20250109_338.wav
839,20250109_338,0,NoBreathing,Old,1892.682414,1902.682414,0.0,/home/willy/pig/audio/Normal/20250109_338.wav
840,20250109_338,0,NoBreathing,Old,1922.682414,1932.682414,0.0,/home/willy/pig/audio/Normal/20250109_338.wav
841,20250109_338,0,NoBreathing,Old,1952.682414,1962.682414,0.0,/home/willy/pig/audio/Normal/20250109_338.wav
842,20250109_338,0,NoBreathing,Old,1982.682414,1992.682414,0.0,/home/willy/pig/audio/Normal/20250109_338.wav
843,20250109_338,0,NoBreathing,Old,2012.682414,2022.682414,0.0,/home/willy/pig/audio/Normal/20250109_338.wav
844,20250109_338,0,NoBreathing,Old,2055.313815,2065.313815,0.0,/home/willy/pig/audio/Normal/20250109_338.wav
845,20250109_338,0,NoBreathing,Old,2085.313815,2095.313815,0.0,/home/willy/pig/audio/Normal/20250109_338.wav
846,20250109_338,0,NoBreathing,Old,2115.313815,2125.313815,0.0,/home/willy/pig/audio/Normal/20250109_338.wav
847,20250109_338,0,NoBreathing,Old,2145.313815,2155.313815,0.0,/home/willy/pig/audio/Normal/20250109_338.wav
848,20250109_338,0,NoBreathing,Old,2175.313815,2185.313815,0.0,/home/willy/pig/audio/Normal/20250109_338.wav
849,20250109_338,0,NoBreathing,Old,2205.313815,2215.313815,0.0,/home/willy/pig/audio/Normal/20250109_338.wav
850,20250109_338,0,NoBreathing,Old,2235.313815,2245.313815,0.0,/home/willy/pig/audio/Normal/20250109_338.wav
851,20250109_338,0,NoBreathing,Old,2265.313815,2275.313815,0.0,/home/willy/pig/audio/Normal/20250109_338.wav
852,20250109_338,0,NoBreathing,Old,2295.313815,2305.313815,0.0,/home/willy/pig/audio/Normal/20250109_338.wav
853,20250109_448,1,Normal,Old,856.949043,866.949043,0.0,/home/willy/pig/audio/Normal/20250109_448.wav
854,20250109_448,1,Normal,Old,861.949043,871.949043,0.0,/home/willy/pig/audio/Normal/20250109_448.wav
855,20250109_448,1,Normal,Old,866.949043,876.949043,0.0,/home/willy/pig/audio/Normal/20250109_448.wav
856,20250109_448,1,Normal,Old,871.949043,881.949043,0.0,/home/willy/pig/audio/Normal/20250109_448.wav
857,20250109_448,1,Normal,Old,876.949043,886.949043,0.0,/home/willy/pig/audio/Normal/20250109_448.wav
858,20250109_448,1,Normal,Old,2187.889234,2197.889234,0.0,/home/willy/pig/audio/Normal/20250109_448.wav
859,20250109_448,1,Normal,Old,2193.0913615,2203.0913615,0.0,/home/willy/pig/audio/Normal/20250109_448.wav
860,20250109_448,1,Normal,Old,2202.4687814999997,2212.4687814999997,0.0,/home/willy/pig/audio/Normal/20250109_448.wav
861,20250109_448,1,Normal,Old,2213.6507125,2223.6507125,0.0,/home/willy/pig/audio/Normal/20250109_448.wav
862,20250109_448,0,NoBreathing,Old,0.0,10.0,0.0,/home/willy/pig/audio/Normal/20250109_448.wav
863,20250109_448,0,NoBreathing,Old,30.0,40.0,0.0,/home/willy/pig/audio/Normal/20250109_448.wav
864,20250109_448,0,NoBreathing,Old,60.0,70.0,0.0,/home/willy/pig/audio/Normal/20250109_448.wav
865,20250109_448,0,NoBreathing,Old,90.0,100.0,0.0,/home/willy/pig/audio/Normal/20250109_448.wav
866,20250109_448,0,NoBreathing,Old,120.0,130.0,0.0,/home/willy/pig/audio/Normal/20250109_448.wav
867,20250109_448,0,NoBreathing,Old,150.0,160.0,0.0,/home/willy/pig/audio/Normal/20250109_448.wav
868,20250109_448,0,NoBreathing,Old,180.0,190.0,0.0,/home/willy/pig/audio/Normal/20250109_448.wav
869,20250109_448,0,NoBreathing,Old,210.0,220.0,0.0,/home/willy/pig/audio/Normal/20250109_448.wav
870,20250109_448,0,NoBreathing,Old,240.0,250.0,0.0,/home/willy/pig/audio/Normal/20250109_448.wav
871,20250109_448,0,NoBreathing,Old,270.0,280.0,0.0,/home/willy/pig/audio/Normal/20250109_448.wav
872,20250109_448,0,NoBreathing,Old,300.0,310.0,0.0,/home/willy/pig/audio/Normal/20250109_448.wav
873,20250109_448,0,NoBreathing,Old,330.0,340.0,0.0,/home/willy/pig/audio/Normal/20250109_448.wav
874,20250109_448,0,NoBreathing,Old,360.0,370.0,0.0,/home/willy/pig/audio/Normal/20250109_448.wav
875,20250109_448,0,NoBreathing,Old,390.0,400.0,0.0,/home/willy/pig/audio/Normal/20250109_448.wav
876,20250109_448,0,NoBreathing,Old,420.0,430.0,0.0,/home/willy/pig/audio/Normal/20250109_448.wav
877,20250109_448,0,NoBreathing,Old,450.0,460.0,0.0,/home/willy/pig/audio/Normal/20250109_448.wav
878,20250109_448,0,NoBreathing,Old,480.0,490.0,0.0,/home/willy/pig/audio/Normal/20250109_448.wav
879,20250109_448,0,NoBreathing,Old,510.0,520.0,0.0,/home/willy/pig/audio/Normal/20250109_448.wav
880,20250109_448,0,NoBreathing,Old,540.0,550.0,0.0,/home/willy/pig/audio/Normal/20250109_448.wav
881,20250109_448,0,NoBreathing,Old,570.0,580.0,0.0,/home/willy/pig/audio/Normal/20250109_448.wav
882,20250109_448,0,NoBreathing,Old,600.0,610.0,0.0,/home/willy/pig/audio/Normal/20250109_448.wav
883,20250109_448,0,NoBreathing,Old,630.0,640.0,0.0,/home/willy/pig/audio/Normal/20250109_448.wav
884,20250109_448,0,NoBreathing,Old,660.0,670.0,0.0,/home/willy/pig/audio/Normal/20250109_448.wav
885,20250109_448,0,NoBreathing,Old,690.0,700.0,0.0,/home/willy/pig/audio/Normal/20250109_448.wav
886,20250109_448,0,NoBreathing,Old,720.0,730.0,0.0,/home/willy/pig/audio/Normal/20250109_448.wav
887,20250109_448,0,NoBreathing,Old,750.0,760.0,0.0,/home/willy/pig/audio/Normal/20250109_448.wav
888,20250109_448,0,NoBreathing,Old,780.0,790.0,0.0,/home/willy/pig/audio/Normal/20250109_448.wav
889,20250109_448,0,NoBreathing,Old,810.0,820.0,0.0,/home/willy/pig/audio/Normal/20250109_448.wav
890,20250109_448,0,NoBreathing,Old,840.0,850.0,0.0,/home/willy/pig/audio/Normal/20250109_448.wav
891,20250109_448,0,NoBreathing,Old,889.541136,899.541136,0.0,/home/willy/pig/audio/Normal/20250109_448.wav
892,20250109_448,0,NoBreathing,Old,919.541136,929.541136,0.0,/home/willy/pig/audio/Normal/20250109_448.wav
893,20250109_448,0,NoBreathing,Old,949.541136,959.541136,0.0,/home/willy/pig/audio/Normal/20250109_448.wav
894,20250109_448,0,NoBreathing,Old,979.541136,989.541136,0.0,/home/willy/pig/audio/Normal/20250109_448.wav
895,20250109_448,0,NoBreathing,Old,1009.541136,1019.541136,0.0,/home/willy/pig/audio/Normal/20250109_448.wav
896,20250109_448,0,NoBreathing,Old,1039.541136,1049.541136,0.0,/home/willy/pig/audio/Normal/20250109_448.wav
897,20250109_448,0,NoBreathing,Old,1069.541136,1079.541136,0.0,/home/willy/pig/audio/Normal/20250109_448.wav
898,20250109_448,0,NoBreathing,Old,1099.541136,1109.541136,0.0,/home/willy/pig/audio/Normal/20250109_448.wav
899,20250109_448,0,NoBreathing,Old,1129.541136,1139.541136,0.0,/home/willy/pig/audio/Normal/20250109_448.wav
900,20250109_448,0,NoBreathing,Old,1159.541136,1169.541136,0.0,/home/willy/pig/audio/Normal/20250109_448.wav
901,20250109_448,0,NoBreathing,Old,1189.541136,1199.541136,0.0,/home/willy/pig/audio/Normal/20250109_448.wav
902,20250109_448,0,NoBreathing,Old,1219.541136,1229.541136,0.0,/home/willy/pig/audio/Normal/20250109_448.wav
903,20250109_448,0,NoBreathing,Old,1249.541136,1259.541136,0.0,/home/willy/pig/audio/Normal/20250109_448.wav
904,20250109_448,0,NoBreathing,Old,1279.541136,1289.541136,0.0,/home/willy/pig/audio/Normal/20250109_448.wav
905,20250109_448,0,NoBreathing,Old,1309.541136,1319.541136,0.0,/home/willy/pig/audio/Normal/20250109_448.wav
906,20250109_448,0,NoBreathing,Old,1339.541136,1349.541136,0.0,/home/willy/pig/audio/Normal/20250109_448.wav
907,20250109_448,0,NoBreathing,Old,1369.541136,1379.541136,0.0,/home/willy/pig/audio/Normal/20250109_448.wav
908,20250109_448,0,NoBreathing,Old,1399.541136,1409.541136,0.0,/home/willy/pig/audio/Normal/20250109_448.wav
909,20250109_448,0,NoBreathing,Old,1429.541136,1439.541136,0.0,/home/willy/pig/audio/Normal/20250109_448.wav
910,20250109_448,0,NoBreathing,Old,1459.541136,1469.541136,0.0,/home/willy/pig/audio/Normal/20250109_448.wav
911,20250109_448,0,NoBreathing,Old,1489.541136,1499.541136,0.0,/home/willy/pig/audio/Normal/20250109_448.wav
912,20250109_448,0,NoBreathing,Old,1519.541136,1529.541136,0.0,/home/willy/pig/audio/Normal/20250109_448.wav
913,20250109_448,0,NoBreathing,Old,1549.541136,1559.541136,0.0,/home/willy/pig/audio/Normal/20250109_448.wav
914,20250109_448,0,NoBreathing,Old,1579.541136,1589.541136,0.0,/home/willy/pig/audio/Normal/20250109_448.wav
915,20250109_448,0,NoBreathing,Old,1609.541136,1619.541136,0.0,/home/willy/pig/audio/Normal/20250109_448.wav
916,20250109_448,0,NoBreathing,Old,1639.541136,1649.541136,0.0,/home/willy/pig/audio/Normal/20250109_448.wav
917,20250109_448,0,NoBreathing,Old,1669.541136,1679.541136,0.0,/home/willy/pig/audio/Normal/20250109_448.wav
918,20250109_448,0,NoBreathing,Old,1699.541136,1709.541136,0.0,/home/willy/pig/audio/Normal/20250109_448.wav
919,20250109_448,0,NoBreathing,Old,1729.541136,1739.541136,0.0,/home/willy/pig/audio/Normal/20250109_448.wav
920,20250109_448,0,NoBreathing,Old,1759.541136,1769.541136,0.0,/home/willy/pig/audio/Normal/20250109_448.wav
921,20250109_448,0,NoBreathing,Old,1789.541136,1799.541136,0.0,/home/willy/pig/audio/Normal/20250109_448.wav
922,20250109_448,0,NoBreathing,Old,1819.541136,1829.541136,0.0,/home/willy/pig/audio/Normal/20250109_448.wav
923,20250109_448,0,NoBreathing,Old,1849.541136,1859.541136,0.0,/home/willy/pig/audio/Normal/20250109_448.wav
924,20250109_448,0,NoBreathing,Old,1879.541136,1889.541136,0.0,/home/willy/pig/audio/Normal/20250109_448.wav
925,20250109_448,0,NoBreathing,Old,1909.541136,1919.541136,0.0,/home/willy/pig/audio/Normal/20250109_448.wav
926,20250109_448,0,NoBreathing,Old,1939.541136,1949.541136,0.0,/home/willy/pig/audio/Normal/20250109_448.wav
927,20250109_448,0,NoBreathing,Old,1969.541136,1979.541136,0.0,/home/willy/pig/audio/Normal/20250109_448.wav
928,20250109_448,0,NoBreathing,Old,1999.541136,2009.541136,0.0,/home/willy/pig/audio/Normal/20250109_448.wav
929,20250109_448,0,NoBreathing,Old,2029.541136,2039.541136,0.0,/home/willy/pig/audio/Normal/20250109_448.wav
930,20250109_448,0,NoBreathing,Old,2059.541136,2069.541136,0.0,/home/willy/pig/audio/Normal/20250109_448.wav
931,20250109_448,0,NoBreathing,Old,2089.541136,2099.541136,0.0,/home/willy/pig/audio/Normal/20250109_448.wav
932,20250109_448,0,NoBreathing,Old,2119.541136,2129.541136,0.0,/home/willy/pig/audio/Normal/20250109_448.wav
933,20250109_448,0,NoBreathing,Old,2149.541136,2159.541136,0.0,/home/willy/pig/audio/Normal/20250109_448.wav
934,20250109_448,0,NoBreathing,Old,2179.541136,2189.541136,0.0,/home/willy/pig/audio/Normal/20250109_448.wav
935,20250109_448,0,NoBreathing,Old,2221.980376,2231.980376,0.0,/home/willy/pig/audio/Normal/20250109_448.wav
936,20250109_448,0,NoBreathing,Old,2251.980376,2261.980376,0.0,/home/willy/pig/audio/Normal/20250109_448.wav
937,20250109_448,0,NoBreathing,Old,2281.980376,2291.980376,0.0,/home/willy/pig/audio/Normal/20250109_448.wav
938,20250109_448,0,NoBreathing,Old,2311.980376,2321.980376,0.0,/home/willy/pig/audio/Normal/20250109_448.wav
939,20250109_448,0,NoBreathing,Old,2341.980376,2351.980376,0.0,/home/willy/pig/audio/Normal/20250109_448.wav
940,20250109_448,0,NoBreathing,Old,2371.980376,2381.980376,0.0,/home/willy/pig/audio/Normal/20250109_448.wav
941,20250109_448,0,NoBreathing,Old,2401.980376,2411.980376,0.0,/home/willy/pig/audio/Normal/20250109_448.wav
942,20250109_448,0,NoBreathing,Old,2431.980376,2441.980376,0.0,/home/willy/pig/audio/Normal/20250109_448.wav
943,20250109_448,0,NoBreathing,Old,2461.980376,2471.980376,0.0,/home/willy/pig/audio/Normal/20250109_448.wav
944,20250109_448,0,NoBreathing,Old,2491.980376,2501.980376,0.0,/home/willy/pig/audio/Normal/20250109_448.wav
945,20250114_81,2,Abnormal,Old,848.747153,858.747153,0.0,/home/willy/pig/audio/Abnormal/20250114_81.wav
946,20250114_81,2,Abnormal,Old,853.747153,863.747153,0.0,/home/willy/pig/audio/Abnormal/20250114_81.wav
947,20250114_81,2,Abnormal,Old,858.747153,868.747153,0.0,/home/willy/pig/audio/Abnormal/20250114_81.wav
948,20250114_81,2,Abnormal,Old,863.747153,873.747153,0.0,/home/willy/pig/audio/Abnormal/20250114_81.wav
949,20250114_81,2,Abnormal,Old,868.747153,878.747153,0.0,/home/willy/pig/audio/Abnormal/20250114_81.wav
950,20250114_81,2,Abnormal,Old,873.747153,883.747153,0.0,/home/willy/pig/audio/Abnormal/20250114_81.wav
951,20250114_81,2,Abnormal,Old,878.747153,888.747153,0.0,/home/willy/pig/audio/Abnormal/20250114_81.wav
952,20250114_81,2,Abnormal,Old,883.747153,893.747153,0.0,/home/willy/pig/audio/Abnormal/20250114_81.wav
953,20250114_81,2,Abnormal,Old,888.747153,898.747153,0.0,/home/willy/pig/audio/Abnormal/20250114_81.wav
954,20250114_81,2,Abnormal,Old,893.747153,903.747153,0.0,/home/willy/pig/audio/Abnormal/20250114_81.wav
955,20250114_81,2,Abnormal,Old,898.747153,908.747153,0.0,/home/willy/pig/audio/Abnormal/20250114_81.wav
956,20250114_81,2,Abnormal,Old,903.747153,913.747153,0.0,/home/willy/pig/audio/Abnormal/20250114_81.wav
957,20250114_81,2,Abnormal,Old,908.747153,918.747153,0.0,/home/willy/pig/audio/Abnormal/20250114_81.wav
958,20250114_81,2,Abnormal,Old,913.747153,923.747153,0.0,/home/willy/pig/audio/Abnormal/20250114_81.wav
959,20250114_81,2,Abnormal,Old,918.747153,928.747153,0.0,/home/willy/pig/audio/Abnormal/20250114_81.wav
960,20250114_81,2,Abnormal,Old,923.747153,933.747153,0.0,/home/willy/pig/audio/Abnormal/20250114_81.wav
961,20250114_81,2,Abnormal,Old,928.747153,938.747153,0.0,/home/willy/pig/audio/Abnormal/20250114_81.wav
962,20250114_81,2,Abnormal,Old,933.747153,943.747153,0.0,/home/willy/pig/audio/Abnormal/20250114_81.wav
963,20250114_81,2,Abnormal,Old,938.747153,948.747153,0.0,/home/willy/pig/audio/Abnormal/20250114_81.wav
964,20250114_81,2,Abnormal,Old,943.747153,953.747153,0.0,/home/willy/pig/audio/Abnormal/20250114_81.wav
965,20250114_81,2,Abnormal,Old,948.747153,958.747153,0.0,/home/willy/pig/audio/Abnormal/20250114_81.wav
966,20250114_81,2,Abnormal,Old,953.747153,963.747153,0.0,/home/willy/pig/audio/Abnormal/20250114_81.wav
967,20250114_81,0,NoBreathing,Old,0.0,10.0,0.0,/home/willy/pig/audio/Abnormal/20250114_81.wav
968,20250114_81,0,NoBreathing,Old,30.0,40.0,0.0,/home/willy/pig/audio/Abnormal/20250114_81.wav
969,20250114_81,0,NoBreathing,Old,60.0,70.0,0.0,/home/willy/pig/audio/Abnormal/20250114_81.wav
970,20250114_81,0,NoBreathing,Old,90.0,100.0,0.0,/home/willy/pig/audio/Abnormal/20250114_81.wav
971,20250114_81,0,NoBreathing,Old,120.0,130.0,0.0,/home/willy/pig/audio/Abnormal/20250114_81.wav
972,20250114_81,0,NoBreathing,Old,150.0,160.0,0.0,/home/willy/pig/audio/Abnormal/20250114_81.wav
973,20250114_81,0,NoBreathing,Old,180.0,190.0,0.0,/home/willy/pig/audio/Abnormal/20250114_81.wav
974,20250114_81,0,NoBreathing,Old,210.0,220.0,0.0,/home/willy/pig/audio/Abnormal/20250114_81.wav
975,20250114_81,0,NoBreathing,Old,240.0,250.0,0.0,/home/willy/pig/audio/Abnormal/20250114_81.wav
976,20250114_81,0,NoBreathing,Old,270.0,280.0,0.0,/home/willy/pig/audio/Abnormal/20250114_81.wav
977,20250114_81,0,NoBreathing,Old,300.0,310.0,0.0,/home/willy/pig/audio/Abnormal/20250114_81.wav
978,20250114_81,0,NoBreathing,Old,330.0,340.0,0.0,/home/willy/pig/audio/Abnormal/20250114_81.wav
979,20250114_81,0,NoBreathing,Old,360.0,370.0,0.0,/home/willy/pig/audio/Abnormal/20250114_81.wav
980,20250114_81,0,NoBreathing,Old,390.0,400.0,0.0,/home/willy/pig/audio/Abnormal/20250114_81.wav
981,20250114_81,0,NoBreathing,Old,420.0,430.0,0.0,/home/willy/pig/audio/Abnormal/20250114_81.wav
982,20250114_81,0,NoBreathing,Old,450.0,460.0,0.0,/home/willy/pig/audio/Abnormal/20250114_81.wav
983,20250114_81,0,NoBreathing,Old,480.0,490.0,0.0,/home/willy/pig/audio/Abnormal/20250114_81.wav
984,20250114_81,0,NoBreathing,Old,510.0,520.0,0.0,/home/willy/pig/audio/Abnormal/20250114_81.wav
985,20250114_81,0,NoBreathing,Old,540.0,550.0,0.0,/home/willy/pig/audio/Abnormal/20250114_81.wav
986,20250114_81,0,NoBreathing,Old,570.0,580.0,0.0,/home/willy/pig/audio/Abnormal/20250114_81.wav
987,20250114_81,0,NoBreathing,Old,600.0,610.0,0.0,/home/willy/pig/audio/Abnormal/20250114_81.wav
988,20250114_81,0,NoBreathing,Old,630.0,640.0,0.0,/home/willy/pig/audio/Abnormal/20250114_81.wav
989,20250114_81,0,NoBreathing,Old,660.0,670.0,0.0,/home/willy/pig/audio/Abnormal/20250114_81.wav
990,20250114_81,0,NoBreathing,Old,690.0,700.0,0.0,/home/willy/pig/audio/Abnormal/20250114_81.wav
991,20250114_81,0,NoBreathing,Old,720.0,730.0,0.0,/home/willy/pig/audio/Abnormal/20250114_81.wav
992,20250114_81,0,NoBreathing,Old,750.0,760.0,0.0,/home/willy/pig/audio/Abnormal/20250114_81.wav
993,20250114_81,0,NoBreathing,Old,780.0,790.0,0.0,/home/willy/pig/audio/Abnormal/20250114_81.wav
994,20250114_81,0,NoBreathing,Old,810.0,820.0,0.0,/home/willy/pig/audio/Abnormal/20250114_81.wav
995,20250114_81,0,NoBreathing,Old,966.35672,976.35672,0.0,/home/willy/pig/audio/Abnormal/20250114_81.wav
996,20250114_81,0,NoBreathing,Old,996.35672,1006.35672,0.0,/home/willy/pig/audio/Abnormal/20250114_81.wav
997,20250114_81,0,NoBreathing,Old,1026.35672,1036.35672,0.0,/home/willy/pig/audio/Abnormal/20250114_81.wav
998,20250114_81,0,NoBreathing,Old,1056.35672,1066.35672,0.0,/home/willy/pig/audio/Abnormal/20250114_81.wav
999,20250114_81,0,NoBreathing,Old,1086.35672,1096.35672,0.0,/home/willy/pig/audio/Abnormal/20250114_81.wav
1000,20250114_81,0,NoBreathing,Old,1116.35672,1126.35672,0.0,/home/willy/pig/audio/Abnormal/20250114_81.wav
1001,20250114_81,0,NoBreathing,Old,1146.35672,1156.35672,0.0,/home/willy/pig/audio/Abnormal/20250114_81.wav
1002,20250114_81,0,NoBreathing,Old,1176.35672,1186.35672,0.0,/home/willy/pig/audio/Abnormal/20250114_81.wav
1003,20250114_81,0,NoBreathing,Old,1206.35672,1216.35672,0.0,/home/willy/pig/audio/Abnormal/20250114_81.wav
1004,20250114_81,0,NoBreathing,Old,1236.35672,1246.35672,0.0,/home/willy/pig/audio/Abnormal/20250114_81.wav
1005,20250114_81,0,NoBreathing,Old,1266.35672,1276.35672,0.0,/home/willy/pig/audio/Abnormal/20250114_81.wav
1006,20250114_81,0,NoBreathing,Old,1296.35672,1306.35672,0.0,/home/willy/pig/audio/Abnormal/20250114_81.wav
1007,20250114_81,0,NoBreathing,Old,1326.35672,1336.35672,0.0,/home/willy/pig/audio/Abnormal/20250114_81.wav
1008,20250114_81,0,NoBreathing,Old,1356.35672,1366.35672,0.0,/home/willy/pig/audio/Abnormal/20250114_81.wav
1009,20250114_81,0,NoBreathing,Old,1386.35672,1396.35672,0.0,/home/willy/pig/audio/Abnormal/20250114_81.wav
1010,20250114_81,0,NoBreathing,Old,1416.35672,1426.35672,0.0,/home/willy/pig/audio/Abnormal/20250114_81.wav
1011,20250114_81,0,NoBreathing,Old,1446.35672,1456.35672,0.0,/home/willy/pig/audio/Abnormal/20250114_81.wav
1012,20250114_81,0,NoBreathing,Old,1476.35672,1486.35672,0.0,/home/willy/pig/audio/Abnormal/20250114_81.wav
1013,20250114_81,0,NoBreathing,Old,1506.35672,1516.35672,0.0,/home/willy/pig/audio/Abnormal/20250114_81.wav
1014,20250114_81,0,NoBreathing,Old,1536.35672,1546.35672,0.0,/home/willy/pig/audio/Abnormal/20250114_81.wav
1015,20250114_81,0,NoBreathing,Old,1566.35672,1576.35672,0.0,/home/willy/pig/audio/Abnormal/20250114_81.wav
1016,20250114_81,0,NoBreathing,Old,1596.35672,1606.35672,0.0,/home/willy/pig/audio/Abnormal/20250114_81.wav
1017,20250114_81,0,NoBreathing,Old,1626.35672,1636.35672,0.0,/home/willy/pig/audio/Abnormal/20250114_81.wav
1018,20250114_81,0,NoBreathing,Old,1656.35672,1666.35672,0.0,/home/willy/pig/audio/Abnormal/20250114_81.wav
1019,20250114_81,0,NoBreathing,Old,1686.35672,1696.35672,0.0,/home/willy/pig/audio/Abnormal/20250114_81.wav
1020,20250114_81,0,NoBreathing,Old,1716.35672,1726.35672,0.0,/home/willy/pig/audio/Abnormal/20250114_81.wav
1021,20250114_81,0,NoBreathing,Old,1746.35672,1756.35672,0.0,/home/willy/pig/audio/Abnormal/20250114_81.wav
1022,20250114_81,0,NoBreathing,Old,1776.35672,1786.35672,0.0,/home/willy/pig/audio/Abnormal/20250114_81.wav
1023,20250114_81,0,NoBreathing,Old,1806.35672,1816.35672,0.0,/home/willy/pig/audio/Abnormal/20250114_81.wav
1024,20250114_81,0,NoBreathing,Old,1836.35672,1846.35672,0.0,/home/willy/pig/audio/Abnormal/20250114_81.wav
1025,20250114_81,0,NoBreathing,Old,1866.35672,1876.35672,0.0,/home/willy/pig/audio/Abnormal/20250114_81.wav
1026,20250114_81,0,NoBreathing,Old,1896.35672,1906.35672,0.0,/home/willy/pig/audio/Abnormal/20250114_81.wav
1027,20250114_81,0,NoBreathing,Old,1926.35672,1936.35672,0.0,/home/willy/pig/audio/Abnormal/20250114_81.wav
1028,20250114_81,0,NoBreathing,Old,1956.35672,1966.35672,0.0,/home/willy/pig/audio/Abnormal/20250114_81.wav
1029,20250114_81,0,NoBreathing,Old,1986.35672,1996.35672,0.0,/home/willy/pig/audio/Abnormal/20250114_81.wav
1030,20250114_81,0,NoBreathing,Old,2016.35672,2026.35672,0.0,/home/willy/pig/audio/Abnormal/20250114_81.wav
1031,20250114_81,0,NoBreathing,Old,2046.35672,2056.3567199999998,0.0,/home/willy/pig/audio/Abnormal/20250114_81.wav
1032,114-949,2,Abnormal,Old,22.803111,32.803111,0.0,/home/willy/pig/audio/Abnormal/114-949.wav
1033,114-949,2,Abnormal,Old,27.803111,37.803111,0.0,/home/willy/pig/audio/Abnormal/114-949.wav
1034,114-949,2,Abnormal,Old,32.803111,42.803111,0.0,/home/willy/pig/audio/Abnormal/114-949.wav
1035,114-949,2,Abnormal,Old,37.803111,47.803111,0.0,/home/willy/pig/audio/Abnormal/114-949.wav
1036,114-949,2,Abnormal,Old,42.803111,52.803111,0.0,/home/willy/pig/audio/Abnormal/114-949.wav
1037,114-949,2,Abnormal,Old,62.589383,72.589383,0.0,/home/willy/pig/audio/Abnormal/114-949.wav
1038,114-949,2,Abnormal,Old,67.589383,77.589383,0.0,/home/willy/pig/audio/Abnormal/114-949.wav
1039,114-949,2,Abnormal,Old,72.589383,82.589383,0.0,/home/willy/pig/audio/Abnormal/114-949.wav
1040,114-949,2,Abnormal,Old,77.589383,87.589383,0.0,/home/willy/pig/audio/Abnormal/114-949.wav
1041,114-949,2,Abnormal,Old,82.589383,92.589383,0.0,/home/willy/pig/audio/Abnormal/114-949.wav
1042,114-949,2,Abnormal,Old,87.589383,97.589383,0.0,/home/willy/pig/audio/Abnormal/114-949.wav
1043,114-949,2,Abnormal,Old,92.589383,102.589383,0.0,/home/willy/pig/audio/Abnormal/114-949.wav
1044,114-949,2,Abnormal,Old,97.589383,107.589383,0.0,/home/willy/pig/audio/Abnormal/114-949.wav
1045,114-949,2,Abnormal,Old,102.589383,112.589383,0.0,/home/willy/pig/audio/Abnormal/114-949.wav
1046,114-949,2,Abnormal,Old,107.589383,117.589383,0.0,/home/willy/pig/audio/Abnormal/114-949.wav
1047,114-949,2,Abnormal,Old,112.589383,122.589383,0.0,/home/willy/pig/audio/Abnormal/114-949.wav
1048,114-949,2,Abnormal,Old,117.589383,127.589383,0.0,/home/willy/pig/audio/Abnormal/114-949.wav
1049,114-949,2,Abnormal,Old,122.589383,132.589383,0.0,/home/willy/pig/audio/Abnormal/114-949.wav
1050,114-949,2,Abnormal,Old,127.589383,137.589383,0.0,/home/willy/pig/audio/Abnormal/114-949.wav
1051,114-949,2,Abnormal,Old,132.589383,142.589383,0.0,/home/willy/pig/audio/Abnormal/114-949.wav
1052,114-949,2,Abnormal,Old,137.589383,147.589383,0.0,/home/willy/pig/audio/Abnormal/114-949.wav
1053,114-949,2,Abnormal,Old,142.589383,152.589383,0.0,/home/willy/pig/audio/Abnormal/114-949.wav
1054,114-949,2,Abnormal,Old,147.589383,157.589383,0.0,/home/willy/pig/audio/Abnormal/114-949.wav
1055,114-949,2,Abnormal,Old,152.589383,162.589383,0.0,/home/willy/pig/audio/Abnormal/114-949.wav
1056,114-949,2,Abnormal,Old,157.589383,167.589383,0.0,/home/willy/pig/audio/Abnormal/114-949.wav
1057,114-949,2,Abnormal,Old,162.589383,172.589383,0.0,/home/willy/pig/audio/Abnormal/114-949.wav
1058,114-949,2,Abnormal,Old,167.589383,177.589383,0.0,/home/willy/pig/audio/Abnormal/114-949.wav
1059,114-949,2,Abnormal,Old,172.589383,182.589383,0.0,/home/willy/pig/audio/Abnormal/114-949.wav
1060,114-949,2,Abnormal,Old,177.589383,187.589383,0.0,/home/willy/pig/audio/Abnormal/114-949.wav
1061,114-949,2,Abnormal,Old,182.589383,192.589383,0.0,/home/willy/pig/audio/Abnormal/114-949.wav
1062,114-949,2,Abnormal,Old,187.589383,197.589383,0.0,/home/willy/pig/audio/Abnormal/114-949.wav
1063,114-949,2,Abnormal,Old,206.102296,216.102296,0.0,/home/willy/pig/audio/Abnormal/114-949.wav
1064,114-949,2,Abnormal,Old,211.102296,221.102296,0.0,/home/willy/pig/audio/Abnormal/114-949.wav
1065,114-949,2,Abnormal,Old,216.102296,226.102296,0.0,/home/willy/pig/audio/Abnormal/114-949.wav
1066,114-949,2,Abnormal,Old,221.102296,231.102296,0.0,/home/willy/pig/audio/Abnormal/114-949.wav
1067,114-949,2,Abnormal,Old,226.102296,236.102296,0.0,/home/willy/pig/audio/Abnormal/114-949.wav
1068,114-949,2,Abnormal,Old,231.102296,241.102296,0.0,/home/willy/pig/audio/Abnormal/114-949.wav
1069,114-949,2,Abnormal,Old,236.102296,246.102296,0.0,/home/willy/pig/audio/Abnormal/114-949.wav
1070,114-949,2,Abnormal,Old,241.102296,251.102296,0.0,/home/willy/pig/audio/Abnormal/114-949.wav
1071,114-949,2,Abnormal,Old,246.102296,256.102296,0.0,/home/willy/pig/audio/Abnormal/114-949.wav
1072,114-949,2,Abnormal,Old,251.102296,261.102296,0.0,/home/willy/pig/audio/Abnormal/114-949.wav
1073,114-949,2,Abnormal,Old,256.102296,266.102296,0.0,/home/willy/pig/audio/Abnormal/114-949.wav
1074,114-949,2,Abnormal,Old,261.102296,271.102296,0.0,/home/willy/pig/audio/Abnormal/114-949.wav
1075,114-949,2,Abnormal,Old,266.102296,276.102296,0.0,/home/willy/pig/audio/Abnormal/114-949.wav
1076,114-949,2,Abnormal,Old,271.102296,281.102296,0.0,/home/willy/pig/audio/Abnormal/114-949.wav
1077,114-949,2,Abnormal,Old,276.102296,286.102296,0.0,/home/willy/pig/audio/Abnormal/114-949.wav
1078,114-949,2,Abnormal,Old,281.102296,291.102296,0.0,/home/willy/pig/audio/Abnormal/114-949.wav
1079,114-949,2,Abnormal,Old,286.102296,296.102296,0.0,/home/willy/pig/audio/Abnormal/114-949.wav
1080,114-949,2,Abnormal,Old,291.102296,301.102296,0.0,/home/willy/pig/audio/Abnormal/114-949.wav
1081,114-949,2,Abnormal,Old,296.102296,306.102296,0.0,/home/willy/pig/audio/Abnormal/114-949.wav
1082,114-949,2,Abnormal,Old,301.102296,311.102296,0.0,/home/willy/pig/audio/Abnormal/114-949.wav
1083,114-949,2,Abnormal,Old,306.102296,316.102296,0.0,/home/willy/pig/audio/Abnormal/114-949.wav
1084,114-949,2,Abnormal,Old,311.102296,321.102296,0.0,/home/willy/pig/audio/Abnormal/114-949.wav
1085,114-949,2,Abnormal,Old,316.102296,326.102296,0.0,/home/willy/pig/audio/Abnormal/114-949.wav
1086,114-949,2,Abnormal,Old,321.102296,331.102296,0.0,/home/willy/pig/audio/Abnormal/114-949.wav
1087,114-949,2,Abnormal,Old,326.102296,336.102296,0.0,/home/willy/pig/audio/Abnormal/114-949.wav
1088,114-949,2,Abnormal,Old,331.102296,341.102296,0.0,/home/willy/pig/audio/Abnormal/114-949.wav
1089,114-949,2,Abnormal,Old,345.790254,355.790254,0.0,/home/willy/pig/audio/Abnormal/114-949.wav
1090,114-949,2,Abnormal,Old,350.790254,360.790254,0.0,/home/willy/pig/audio/Abnormal/114-949.wav
1091,114-949,2,Abnormal,Old,355.790254,365.790254,0.0,/home/willy/pig/audio/Abnormal/114-949.wav
1092,114-949,2,Abnormal,Old,360.790254,370.790254,0.0,/home/willy/pig/audio/Abnormal/114-949.wav
1093,114-949,2,Abnormal,Old,365.790254,375.790254,0.0,/home/willy/pig/audio/Abnormal/114-949.wav
1094,114-949,2,Abnormal,Old,370.790254,380.790254,0.0,/home/willy/pig/audio/Abnormal/114-949.wav
1095,114-949,2,Abnormal,Old,375.790254,385.790254,0.0,/home/willy/pig/audio/Abnormal/114-949.wav
1096,114-949,2,Abnormal,Old,380.790254,390.790254,0.0,/home/willy/pig/audio/Abnormal/114-949.wav
1097,114-949,2,Abnormal,Old,385.790254,395.790254,0.0,/home/willy/pig/audio/Abnormal/114-949.wav
1098,114-949,2,Abnormal,Old,390.790254,400.790254,0.0,/home/willy/pig/audio/Abnormal/114-949.wav
1099,114-949,2,Abnormal,Old,395.790254,405.790254,0.0,/home/willy/pig/audio/Abnormal/114-949.wav
1100,114-949,2,Abnormal,Old,400.790254,410.790254,0.0,/home/willy/pig/audio/Abnormal/114-949.wav
1101,114-949,2,Abnormal,Old,405.790254,415.790254,0.0,/home/willy/pig/audio/Abnormal/114-949.wav
1102,114-949,2,Abnormal,Old,422.112018,432.112018,0.0,/home/willy/pig/audio/Abnormal/114-949.wav
1103,114-949,2,Abnormal,Old,427.112018,437.112018,0.0,/home/willy/pig/audio/Abnormal/114-949.wav
1104,114-949,2,Abnormal,Old,432.112018,442.112018,0.0,/home/willy/pig/audio/Abnormal/114-949.wav
1105,114-949,2,Abnormal,Old,437.112018,447.112018,0.0,/home/willy/pig/audio/Abnormal/114-949.wav
1106,114-949,2,Abnormal,Old,442.112018,452.112018,0.0,/home/willy/pig/audio/Abnormal/114-949.wav
1107,114-949,2,Abnormal,Old,447.112018,457.112018,0.0,/home/willy/pig/audio/Abnormal/114-949.wav
1108,114-949,2,Abnormal,Old,452.112018,462.112018,0.0,/home/willy/pig/audio/Abnormal/114-949.wav
1109,114-949,2,Abnormal,Old,457.112018,467.112018,0.0,/home/willy/pig/audio/Abnormal/114-949.wav
1110,114-949,2,Abnormal,Old,462.112018,472.112018,0.0,/home/willy/pig/audio/Abnormal/114-949.wav
1111,114-949,2,Abnormal,Old,467.112018,477.112018,0.0,/home/willy/pig/audio/Abnormal/114-949.wav
1112,114-949,2,Abnormal,Old,472.112018,482.112018,0.0,/home/willy/pig/audio/Abnormal/114-949.wav
1113,114-949,2,Abnormal,Old,477.112018,487.112018,0.0,/home/willy/pig/audio/Abnormal/114-949.wav
1114,114-949,2,Abnormal,Old,482.112018,492.112018,0.0,/home/willy/pig/audio/Abnormal/114-949.wav
1115,114-949,2,Abnormal,Old,487.112018,497.112018,0.0,/home/willy/pig/audio/Abnormal/114-949.wav
1116,114-949,2,Abnormal,Old,492.112018,502.112018,0.0,/home/willy/pig/audio/Abnormal/114-949.wav
1117,114-949,2,Abnormal,Old,497.112018,507.112018,0.0,/home/willy/pig/audio/Abnormal/114-949.wav
1118,114-949,2,Abnormal,Old,502.112018,512.112018,0.0,/home/willy/pig/audio/Abnormal/114-949.wav
1119,114-949,2,Abnormal,Old,507.112018,517.112018,0.0,/home/willy/pig/audio/Abnormal/114-949.wav
1120,114-949,0,NoBreathing,Old,0.0,10.0,0.0,/home/willy/pig/audio/Abnormal/114-949.wav
1121,114-787,2,Abnormal,Old,66.452836,76.452836,0.0,/home/willy/pig/audio/Abnormal/114-787.wav
1122,114-787,2,Abnormal,Old,71.452836,81.452836,0.0,/home/willy/pig/audio/Abnormal/114-787.wav
1123,114-787,2,Abnormal,Old,76.452836,86.452836,0.0,/home/willy/pig/audio/Abnormal/114-787.wav
1124,114-787,2,Abnormal,Old,81.452836,91.452836,0.0,/home/willy/pig/audio/Abnormal/114-787.wav
1125,114-787,2,Abnormal,Old,86.452836,96.452836,0.0,/home/willy/pig/audio/Abnormal/114-787.wav
1126,114-787,2,Abnormal,Old,91.452836,101.452836,0.0,/home/willy/pig/audio/Abnormal/114-787.wav
1127,114-787,2,Abnormal,Old,96.452836,106.452836,0.0,/home/willy/pig/audio/Abnormal/114-787.wav
1128,114-787,2,Abnormal,Old,101.452836,111.452836,0.0,/home/willy/pig/audio/Abnormal/114-787.wav
1129,114-787,2,Abnormal,Old,106.452836,116.452836,0.0,/home/willy/pig/audio/Abnormal/114-787.wav
1130,114-787,2,Abnormal,Old,111.452836,121.452836,0.0,/home/willy/pig/audio/Abnormal/114-787.wav
1131,114-787,2,Abnormal,Old,116.452836,126.452836,0.0,/home/willy/pig/audio/Abnormal/114-787.wav
1132,114-787,2,Abnormal,Old,121.452836,131.452836,0.0,/home/willy/pig/audio/Abnormal/114-787.wav
1133,114-787,2,Abnormal,Old,126.452836,136.452836,0.0,/home/willy/pig/audio/Abnormal/114-787.wav
1134,114-787,2,Abnormal,Old,131.452836,141.452836,0.0,/home/willy/pig/audio/Abnormal/114-787.wav
1135,114-787,2,Abnormal,Old,136.452836,146.452836,0.0,/home/willy/pig/audio/Abnormal/114-787.wav
1136,114-787,2,Abnormal,Old,141.452836,151.452836,0.0,/home/willy/pig/audio/Abnormal/114-787.wav
1137,114-787,2,Abnormal,Old,146.452836,156.452836,0.0,/home/willy/pig/audio/Abnormal/114-787.wav
1138,114-787,2,Abnormal,Old,170.944946,180.944946,0.0,/home/willy/pig/audio/Abnormal/114-787.wav
1139,114-787,2,Abnormal,Old,175.944946,185.944946,0.0,/home/willy/pig/audio/Abnormal/114-787.wav
1140,114-787,2,Abnormal,Old,180.944946,190.944946,0.0,/home/willy/pig/audio/Abnormal/114-787.wav
1141,114-787,2,Abnormal,Old,185.944946,195.944946,0.0,/home/willy/pig/audio/Abnormal/114-787.wav
1142,114-787,2,Abnormal,Old,208.513353,218.513353,0.0,/home/willy/pig/audio/Abnormal/114-787.wav
1143,114-787,2,Abnormal,Old,229.95177,239.95177,0.0,/home/willy/pig/audio/Abnormal/114-787.wav
1144,114-787,2,Abnormal,Old,234.95177,244.95177,0.0,/home/willy/pig/audio/Abnormal/114-787.wav
1145,114-787,2,Abnormal,Old,239.95177,249.95177,0.0,/home/willy/pig/audio/Abnormal/114-787.wav
1146,114-787,2,Abnormal,Old,244.95177,254.95177,0.0,/home/willy/pig/audio/Abnormal/114-787.wav
1147,114-787,2,Abnormal,Old,249.95177,259.95177,0.0,/home/willy/pig/audio/Abnormal/114-787.wav
1148,114-787,2,Abnormal,Old,254.95177,264.95177,0.0,/home/willy/pig/audio/Abnormal/114-787.wav
1149,114-787,2,Abnormal,Old,259.95177,269.95177,0.0,/home/willy/pig/audio/Abnormal/114-787.wav
1150,114-787,2,Abnormal,Old,264.95177,274.95177,0.0,/home/willy/pig/audio/Abnormal/114-787.wav
1151,114-787,2,Abnormal,Old,269.95177,279.95177,0.0,/home/willy/pig/audio/Abnormal/114-787.wav
1152,114-787,2,Abnormal,Old,274.95177,284.95177,0.0,/home/willy/pig/audio/Abnormal/114-787.wav
1153,114-787,2,Abnormal,Old,279.95177,289.95177,0.0,/home/willy/pig/audio/Abnormal/114-787.wav
1154,114-787,0,NoBreathing,Old,0.0,10.0,0.0,/home/willy/pig/audio/Abnormal/114-787.wav
1155,114-787,0,NoBreathing,Old,30.0,40.0,0.0,/home/willy/pig/audio/Abnormal/114-787.wav
1156,114-787,0,NoBreathing,Old,160.60504,170.60504,0.0,/home/willy/pig/audio/Abnormal/114-787.wav
1157,114-787,0,NoBreathing,Old,197.804227,207.804227,0.0,/home/willy/pig/audio/Abnormal/114-787.wav
1158,114-787,0,NoBreathing,Old,215.626962,225.626962,0.0,/home/willy/pig/audio/Abnormal/114-787.wav
1159,20250114_66,2,Abnormal,Old,0.227435,10.227435,0.0,/home/willy/pig/audio/Abnormal/20250114_66.wav
1160,20250114_66,2,Abnormal,Old,5.227435,15.227435,0.0,/home/willy/pig/audio/Abnormal/20250114_66.wav
1161,20250114_66,2,Abnormal,Old,10.227435,20.227435,0.0,/home/willy/pig/audio/Abnormal/20250114_66.wav
1162,20250114_66,2,Abnormal,Old,15.227435,25.227435,0.0,/home/willy/pig/audio/Abnormal/20250114_66.wav
1163,20250114_66,2,Abnormal,Old,20.227435,30.227435,0.0,/home/willy/pig/audio/Abnormal/20250114_66.wav
1164,20250114_66,2,Abnormal,Old,25.227435,35.227435,0.0,/home/willy/pig/audio/Abnormal/20250114_66.wav
1165,20250114_66,2,Abnormal,Old,30.227435,40.227435,0.0,/home/willy/pig/audio/Abnormal/20250114_66.wav
1166,20250114_66,2,Abnormal,Old,35.227435,45.227435,0.0,/home/willy/pig/audio/Abnormal/20250114_66.wav
1167,20250114_66,2,Abnormal,Old,75.716586,85.716586,0.0,/home/willy/pig/audio/Abnormal/20250114_66.wav
1168,20250114_66,0,NoBreathing,Old,45.850842,55.850842,0.0,/home/willy/pig/audio/Abnormal/20250114_66.wav
1169,20250114_66,0,NoBreathing,Old,83.695981,93.695981,0.0,/home/willy/pig/audio/Abnormal/20250114_66.wav
1170,20250114_66,0,NoBreathing,Old,113.695981,123.695981,0.0,/home/willy/pig/audio/Abnormal/20250114_66.wav
1171,20250114_66,0,NoBreathing,Old,143.69598100000002,153.69598100000002,0.0,/home/willy/pig/audio/Abnormal/20250114_66.wav
1172,20250114_66,0,NoBreathing,Old,173.69598100000002,183.69598100000002,0.0,/home/willy/pig/audio/Abnormal/20250114_66.wav
1173,20250114_66,0,NoBreathing,Old,203.69598100000002,213.69598100000002,0.0,/home/willy/pig/audio/Abnormal/20250114_66.wav
1174,20250114_66,0,NoBreathing,Old,233.69598100000002,243.69598100000002,0.0,/home/willy/pig/audio/Abnormal/20250114_66.wav
1175,20250114_66,0,NoBreathing,Old,263.695981,273.695981,0.0,/home/willy/pig/audio/Abnormal/20250114_66.wav
1176,20250114_66,0,NoBreathing,Old,293.695981,303.695981,0.0,/home/willy/pig/audio/Abnormal/20250114_66.wav
1177,20250114_66,0,NoBreathing,Old,323.695981,333.695981,0.0,/home/willy/pig/audio/Abnormal/20250114_66.wav
1178,20250114_66,0,NoBreathing,Old,353.695981,363.695981,0.0,/home/willy/pig/audio/Abnormal/20250114_66.wav
1179,20250114_66,0,NoBreathing,Old,383.695981,393.695981,0.0,/home/willy/pig/audio/Abnormal/20250114_66.wav
1180,20250114_66,0,NoBreathing,Old,413.695981,423.695981,0.0,/home/willy/pig/audio/Abnormal/20250114_66.wav
1181,20250114_66,0,NoBreathing,Old,443.695981,453.695981,0.0,/home/willy/pig/audio/Abnormal/20250114_66.wav
1182,20250114_66,0,NoBreathing,Old,473.695981,483.695981,0.0,/home/willy/pig/audio/Abnormal/20250114_66.wav
1183,20250114_66,0,NoBreathing,Old,503.695981,513.6959810000001,0.0,/home/willy/pig/audio/Abnormal/20250114_66.wav
1184,20250114_66,0,NoBreathing,Old,533.6959810000001,543.6959810000001,0.0,/home/willy/pig/audio/Abnormal/20250114_66.wav
1185,20250114_66,0,NoBreathing,Old,563.6959810000001,573.6959810000001,0.0,/home/willy/pig/audio/Abnormal/20250114_66.wav
1186,20250114_66,0,NoBreathing,Old,593.6959810000001,603.6959810000001,0.0,/home/willy/pig/audio/Abnormal/20250114_66.wav
1187,20250114_66,0,NoBreathing,Old,623.6959810000001,633.6959810000001,0.0,/home/willy/pig/audio/Abnormal/20250114_66.wav
1188,20250114_66,0,NoBreathing,Old,653.6959810000001,663.6959810000001,0.0,/home/willy/pig/audio/Abnormal/20250114_66.wav
1189,20250114_66,0,NoBreathing,Old,683.6959810000001,693.6959810000001,0.0,/home/willy/pig/audio/Abnormal/20250114_66.wav
1190,20250114_66,0,NoBreathing,Old,713.6959810000001,723.6959810000001,0.0,/home/willy/pig/audio/Abnormal/20250114_66.wav
1191,20250114_66,0,NoBreathing,Old,743.6959810000001,753.6959810000001,0.0,/home/willy/pig/audio/Abnormal/20250114_66.wav
1192,20250114_66,0,NoBreathing,Old,773.6959810000001,783.6959810000001,0.0,/home/willy/pig/audio/Abnormal/20250114_66.wav
1193,20250114_66,0,NoBreathing,Old,803.6959810000001,813.6959810000001,0.0,/home/willy/pig/audio/Abnormal/20250114_66.wav
1194,20250114_66,0,NoBreathing,Old,833.6959810000001,843.6959810000001,0.0,/home/willy/pig/audio/Abnormal/20250114_66.wav
1195,20250114_66,0,NoBreathing,Old,863.6959810000001,873.6959810000001,0.0,/home/willy/pig/audio/Abnormal/20250114_66.wav
1196,20250114_66,0,NoBreathing,Old,893.6959810000001,903.6959810000001,0.0,/home/willy/pig/audio/Abnormal/20250114_66.wav
1197,20250114_66,0,NoBreathing,Old,923.6959810000001,933.6959810000001,0.0,/home/willy/pig/audio/Abnormal/20250114_66.wav
1198,20250114_66,0,NoBreathing,Old,953.6959810000001,963.6959810000001,0.0,/home/willy/pig/audio/Abnormal/20250114_66.wav
1199,20250114_66,0,NoBreathing,Old,983.6959810000001,993.6959810000001,0.0,/home/willy/pig/audio/Abnormal/20250114_66.wav
1200,20250114_66,0,NoBreathing,Old,1013.6959810000001,1023.6959810000001,0.0,/home/willy/pig/audio/Abnormal/20250114_66.wav
1201,20250114_66,0,NoBreathing,Old,1043.695981,1053.695981,0.0,/home/willy/pig/audio/Abnormal/20250114_66.wav
1202,20250114_66,0,NoBreathing,Old,1073.695981,1083.695981,0.0,/home/willy/pig/audio/Abnormal/20250114_66.wav
1203,20250114_66,0,NoBreathing,Old,1103.695981,1113.695981,0.0,/home/willy/pig/audio/Abnormal/20250114_66.wav
1204,20250114_66,0,NoBreathing,Old,1133.695981,1143.695981,0.0,/home/willy/pig/audio/Abnormal/20250114_66.wav
1205,20250114_66,0,NoBreathing,Old,1163.695981,1173.695981,0.0,/home/willy/pig/audio/Abnormal/20250114_66.wav
1206,20250114_66,0,NoBreathing,Old,1193.695981,1203.695981,0.0,/home/willy/pig/audio/Abnormal/20250114_66.wav
1207,20250114_66,0,NoBreathing,Old,1223.695981,1233.695981,0.0,/home/willy/pig/audio/Abnormal/20250114_66.wav
1208,20250114_66,0,NoBreathing,Old,1253.695981,1263.695981,0.0,/home/willy/pig/audio/Abnormal/20250114_66.wav
1209,20250114_66,0,NoBreathing,Old,1283.695981,1293.695981,0.0,/home/willy/pig/audio/Abnormal/20250114_66.wav
1210,20250114_66,0,NoBreathing,Old,1313.695981,1323.695981,0.0,/home/willy/pig/audio/Abnormal/20250114_66.wav
1211,20250114_66,0,NoBreathing,Old,1343.695981,1353.695981,0.0,/home/willy/pig/audio/Abnormal/20250114_66.wav
1212,20250114_66,0,NoBreathing,Old,1373.695981,1383.695981,0.0,/home/willy/pig/audio/Abnormal/20250114_66.wav
1213,20250114_66,0,NoBreathing,Old,1403.695981,1413.695981,0.0,/home/willy/pig/audio/Abnormal/20250114_66.wav
1214,20250114_66,0,NoBreathing,Old,1433.695981,1443.695981,0.0,/home/willy/pig/audio/Abnormal/20250114_66.wav
1215,20250114_66,0,NoBreathing,Old,1463.695981,1473.695981,0.0,/home/willy/pig/audio/Abnormal/20250114_66.wav
1216,20250114_66,0,NoBreathing,Old,1493.695981,1503.695981,0.0,/home/willy/pig/audio/Abnormal/20250114_66.wav
1217,20250114_66,0,NoBreathing,Old,1523.695981,1533.695981,0.0,/home/willy/pig/audio/Abnormal/20250114_66.wav
1218,20250114_66,0,NoBreathing,Old,1553.695981,1563.695981,0.0,/home/willy/pig/audio/Abnormal/20250114_66.wav
1219,20250114_66,0,NoBreathing,Old,1583.695981,1593.695981,0.0,/home/willy/pig/audio/Abnormal/20250114_66.wav
1220,20250114_66,0,NoBreathing,Old,1613.695981,1623.695981,0.0,/home/willy/pig/audio/Abnormal/20250114_66.wav
1221,20250114_66,0,NoBreathing,Old,1643.695981,1653.695981,0.0,/home/willy/pig/audio/Abnormal/20250114_66.wav
1222,20250114_66,0,NoBreathing,Old,1673.695981,1683.695981,0.0,/home/willy/pig/audio/Abnormal/20250114_66.wav
1223,20250114_66,0,NoBreathing,Old,1703.695981,1713.695981,0.0,/home/willy/pig/audio/Abnormal/20250114_66.wav
1224,20250114_66,0,NoBreathing,Old,1733.695981,1743.695981,0.0,/home/willy/pig/audio/Abnormal/20250114_66.wav
1225,20250114_66,0,NoBreathing,Old,1763.695981,1773.695981,0.0,/home/willy/pig/audio/Abnormal/20250114_66.wav
1226,20250114_66,0,NoBreathing,Old,1793.695981,1803.695981,0.0,/home/willy/pig/audio/Abnormal/20250114_66.wav
1227,20250114_66,0,NoBreathing,Old,1823.695981,1833.695981,0.0,/home/willy/pig/audio/Abnormal/20250114_66.wav
1228,20250114_66,0,NoBreathing,Old,1853.695981,1863.695981,0.0,/home/willy/pig/audio/Abnormal/20250114_66.wav
1229,20250114_66,0,NoBreathing,Old,1883.695981,1893.695981,0.0,/home/willy/pig/audio/Abnormal/20250114_66.wav
1230,20250114_66,0,NoBreathing,Old,1913.695981,1923.695981,0.0,/home/willy/pig/audio/Abnormal/20250114_66.wav
1231,20250114_66,0,NoBreathing,Old,1943.695981,1953.695981,0.0,/home/willy/pig/audio/Abnormal/20250114_66.wav
1232,20250114_66,0,NoBreathing,Old,1973.695981,1983.695981,0.0,/home/willy/pig/audio/Abnormal/20250114_66.wav
1233,20250114_66,0,NoBreathing,Old,2003.695981,2013.695981,0.0,/home/willy/pig/audio/Abnormal/20250114_66.wav
1234,20250114_66,0,NoBreathing,Old,2033.695981,2043.695981,0.0,/home/willy/pig/audio/Abnormal/20250114_66.wav
1235,20250114_66,0,NoBreathing,Old,2063.695981,2073.695981,0.0,/home/willy/pig/audio/Abnormal/20250114_66.wav
1236,20250114_66,0,NoBreathing,Old,2093.695981,2103.695981,0.0,/home/willy/pig/audio/Abnormal/20250114_66.wav
1237,20250114_66,0,NoBreathing,Old,2123.695981,2133.695981,0.0,/home/willy/pig/audio/Abnormal/20250114_66.wav
1238,20250114_66,0,NoBreathing,Old,2153.695981,2163.695981,0.0,/home/willy/pig/audio/Abnormal/20250114_66.wav
1239,20250114_66,0,NoBreathing,Old,2183.695981,2193.695981,0.0,/home/willy/pig/audio/Abnormal/20250114_66.wav
1240,20250114_66,0,NoBreathing,Old,2213.695981,2223.695981,0.0,/home/willy/pig/audio/Abnormal/20250114_66.wav
1241,20250114_66,0,NoBreathing,Old,2243.695981,2253.695981,0.0,/home/willy/pig/audio/Abnormal/20250114_66.wav
1242,20250114_66,0,NoBreathing,Old,2273.695981,2283.695981,0.0,/home/willy/pig/audio/Abnormal/20250114_66.wav
1243,20250114_66,0,NoBreathing,Old,2303.695981,2313.695981,0.0,/home/willy/pig/audio/Abnormal/20250114_66.wav
1244,20250114_66,0,NoBreathing,Old,2333.695981,2343.695981,0.0,/home/willy/pig/audio/Abnormal/20250114_66.wav
1245,20250114_66,0,NoBreathing,Old,2363.695981,2373.695981,0.0,/home/willy/pig/audio/Abnormal/20250114_66.wav
1246,114-424,2,Abnormal,Old,67.594089,77.594089,0.0,/home/willy/pig/audio/Abnormal/114-424.wav
1247,114-424,2,Abnormal,Old,72.594089,82.594089,0.0,/home/willy/pig/audio/Abnormal/114-424.wav
1248,114-424,2,Abnormal,Old,77.594089,87.594089,0.0,/home/willy/pig/audio/Abnormal/114-424.wav
1249,114-424,2,Abnormal,Old,82.594089,92.594089,0.0,/home/willy/pig/audio/Abnormal/114-424.wav
1250,114-424,2,Abnormal,Old,87.594089,97.594089,0.0,/home/willy/pig/audio/Abnormal/114-424.wav
1251,114-424,2,Abnormal,Old,92.594089,102.594089,0.0,/home/willy/pig/audio/Abnormal/114-424.wav
1252,114-424,2,Abnormal,Old,97.594089,107.594089,0.0,/home/willy/pig/audio/Abnormal/114-424.wav
1253,114-424,2,Abnormal,Old,102.594089,112.594089,0.0,/home/willy/pig/audio/Abnormal/114-424.wav
1254,114-424,2,Abnormal,Old,107.594089,117.594089,0.0,/home/willy/pig/audio/Abnormal/114-424.wav
1255,114-424,2,Abnormal,Old,143.374711,153.374711,0.0,/home/willy/pig/audio/Abnormal/114-424.wav
1256,114-424,2,Abnormal,Old,168.23821,178.23821,0.0,/home/willy/pig/audio/Abnormal/114-424.wav
1257,114-424,2,Abnormal,Old,173.23821,183.23821,0.0,/home/willy/pig/audio/Abnormal/114-424.wav
1258,114-424,2,Abnormal,Old,178.23821,188.23821,0.0,/home/willy/pig/audio/Abnormal/114-424.wav
1259,114-424,2,Abnormal,Old,183.23821,193.23821,0.0,/home/willy/pig/audio/Abnormal/114-424.wav
1260,114-424,2,Abnormal,Old,188.23821,198.23821,0.0,/home/willy/pig/audio/Abnormal/114-424.wav
1261,114-424,2,Abnormal,Old,193.23821,203.23821,0.0,/home/willy/pig/audio/Abnormal/114-424.wav
1262,114-424,2,Abnormal,Old,198.23821,208.23821,0.0,/home/willy/pig/audio/Abnormal/114-424.wav
1263,114-424,2,Abnormal,Old,203.23821,213.23821,0.0,/home/willy/pig/audio/Abnormal/114-424.wav
1264,114-424,2,Abnormal,Old,415.354904,425.354904,0.0,/home/willy/pig/audio/Abnormal/114-424.wav
1265,114-424,2,Abnormal,Old,420.354904,430.354904,0.0,/home/willy/pig/audio/Abnormal/114-424.wav
1266,114-424,2,Abnormal,Old,425.354904,435.354904,0.0,/home/willy/pig/audio/Abnormal/114-424.wav
1267,114-424,2,Abnormal,Old,430.354904,440.354904,0.0,/home/willy/pig/audio/Abnormal/114-424.wav
1268,114-424,2,Abnormal,Old,435.354904,445.354904,0.0,/home/willy/pig/audio/Abnormal/114-424.wav
1269,114-424,2,Abnormal,Old,440.354904,450.354904,0.0,/home/willy/pig/audio/Abnormal/114-424.wav
1270,114-424,2,Abnormal,Old,445.354904,455.354904,0.0,/home/willy/pig/audio/Abnormal/114-424.wav
1271,114-424,2,Abnormal,Old,483.099638,493.099638,0.0,/home/willy/pig/audio/Abnormal/114-424.wav
1272,114-424,2,Abnormal,Old,488.099638,498.099638,0.0,/home/willy/pig/audio/Abnormal/114-424.wav
1273,114-424,2,Abnormal,Old,493.099638,503.099638,0.0,/home/willy/pig/audio/Abnormal/114-424.wav
1274,114-424,2,Abnormal,Old,498.099638,508.099638,0.0,/home/willy/pig/audio/Abnormal/114-424.wav
1275,114-424,2,Abnormal,Old,503.099638,513.099638,0.0,/home/willy/pig/audio/Abnormal/114-424.wav
1276,114-424,2,Abnormal,Old,508.099638,518.099638,0.0,/home/willy/pig/audio/Abnormal/114-424.wav
1277,114-424,2,Abnormal,Old,513.099638,523.099638,0.0,/home/willy/pig/audio/Abnormal/114-424.wav
1278,114-424,2,Abnormal,Old,518.099638,528.099638,0.0,/home/willy/pig/audio/Abnormal/114-424.wav
1279,114-424,2,Abnormal,Old,523.099638,533.099638,0.0,/home/willy/pig/audio/Abnormal/114-424.wav
1280,114-424,2,Abnormal,Old,528.099638,538.099638,0.0,/home/willy/pig/audio/Abnormal/114-424.wav
1281,114-424,2,Abnormal,Old,533.099638,543.099638,0.0,/home/willy/pig/audio/Abnormal/114-424.wav
1282,114-424,2,Abnormal,Old,538.099638,548.099638,0.0,/home/willy/pig/audio/Abnormal/114-424.wav
1283,114-424,2,Abnormal,Old,543.099638,553.099638,0.0,/home/willy/pig/audio/Abnormal/114-424.wav
1284,114-424,2,Abnormal,Old,548.099638,558.099638,0.0,/home/willy/pig/audio/Abnormal/114-424.wav
1285,114-424,2,Abnormal,Old,553.099638,563.099638,0.0,/home/willy/pig/audio/Abnormal/114-424.wav
1286,114-424,2,Abnormal,Old,558.099638,568.099638,0.0,/home/willy/pig/audio/Abnormal/114-424.wav
1287,114-424,2,Abnormal,Old,563.099638,573.099638,0.0,/home/willy/pig/audio/Abnormal/114-424.wav
1288,114-424,2,Abnormal,Old,568.099638,578.099638,0.0,/home/willy/pig/audio/Abnormal/114-424.wav
1289,114-424,2,Abnormal,Old,573.099638,583.099638,0.0,/home/willy/pig/audio/Abnormal/114-424.wav
1290,114-424,2,Abnormal,Old,578.099638,588.099638,0.0,/home/willy/pig/audio/Abnormal/114-424.wav
1291,114-424,2,Abnormal,Old,583.099638,593.099638,0.0,/home/willy/pig/audio/Abnormal/114-424.wav
1292,114-424,2,Abnormal,Old,588.099638,598.099638,0.0,/home/willy/pig/audio/Abnormal/114-424.wav
1293,114-424,2,Abnormal,Old,593.099638,603.099638,0.0,/home/willy/pig/audio/Abnormal/114-424.wav
1294,114-424,2,Abnormal,Old,598.099638,608.099638,0.0,/home/willy/pig/audio/Abnormal/114-424.wav
1295,114-424,2,Abnormal,Old,603.099638,613.099638,0.0,/home/willy/pig/audio/Abnormal/114-424.wav
1296,114-424,2,Abnormal,Old,608.099638,618.099638,0.0,/home/willy/pig/audio/Abnormal/114-424.wav
1297,114-424,2,Abnormal,Old,613.099638,623.099638,0.0,/home/willy/pig/audio/Abnormal/114-424.wav
1298,114-424,2,Abnormal,Old,618.099638,628.099638,0.0,/home/willy/pig/audio/Abnormal/114-424.wav
1299,114-424,2,Abnormal,Old,623.099638,633.099638,0.0,/home/willy/pig/audio/Abnormal/114-424.wav
1300,114-424,2,Abnormal,Old,628.099638,638.099638,0.0,/home/willy/pig/audio/Abnormal/114-424.wav
1301,114-424,2,Abnormal,Old,633.099638,643.099638,0.0,/home/willy/pig/audio/Abnormal/114-424.wav
1302,114-424,2,Abnormal,Old,638.099638,648.099638,0.0,/home/willy/pig/audio/Abnormal/114-424.wav
1303,114-424,2,Abnormal,Old,643.099638,653.099638,0.0,/home/willy/pig/audio/Abnormal/114-424.wav
1304,114-424,2,Abnormal,Old,648.099638,658.099638,0.0,/home/willy/pig/audio/Abnormal/114-424.wav
1305,114-424,2,Abnormal,Old,653.099638,663.099638,0.0,/home/willy/pig/audio/Abnormal/114-424.wav
1306,114-424,2,Abnormal,Old,658.099638,668.099638,0.0,/home/willy/pig/audio/Abnormal/114-424.wav
1307,114-424,2,Abnormal,Old,663.099638,673.099638,0.0,/home/willy/pig/audio/Abnormal/114-424.wav
1308,114-424,2,Abnormal,Old,668.099638,678.099638,0.0,/home/willy/pig/audio/Abnormal/114-424.wav
1309,114-424,2,Abnormal,Old,673.099638,683.099638,0.0,/home/willy/pig/audio/Abnormal/114-424.wav
1310,114-424,2,Abnormal,Old,678.099638,688.099638,0.0,/home/willy/pig/audio/Abnormal/114-424.wav
1311,114-424,2,Abnormal,Old,683.099638,693.099638,0.0,/home/willy/pig/audio/Abnormal/114-424.wav
1312,114-424,2,Abnormal,Old,688.099638,698.099638,0.0,/home/willy/pig/audio/Abnormal/114-424.wav
1313,114-424,2,Abnormal,Old,693.099638,703.099638,0.0,/home/willy/pig/audio/Abnormal/114-424.wav
1314,114-424,2,Abnormal,Old,698.099638,708.099638,0.0,/home/willy/pig/audio/Abnormal/114-424.wav
1315,114-424,2,Abnormal,Old,703.099638,713.099638,0.0,/home/willy/pig/audio/Abnormal/114-424.wav
1316,114-424,2,Abnormal,Old,708.099638,718.099638,0.0,/home/willy/pig/audio/Abnormal/114-424.wav
1317,114-424,2,Abnormal,Old,713.099638,723.099638,0.0,/home/willy/pig/audio/Abnormal/114-424.wav
1318,114-424,2,Abnormal,Old,718.099638,728.099638,0.0,/home/willy/pig/audio/Abnormal/114-424.wav
1319,114-424,2,Abnormal,Old,723.099638,733.099638,0.0,/home/willy/pig/audio/Abnormal/114-424.wav
1320,114-424,2,Abnormal,Old,728.099638,738.099638,0.0,/home/willy/pig/audio/Abnormal/114-424.wav
1321,114-424,2,Abnormal,Old,733.099638,743.099638,0.0,/home/willy/pig/audio/Abnormal/114-424.wav
1322,114-424,2,Abnormal,Old,738.099638,748.099638,0.0,/home/willy/pig/audio/Abnormal/114-424.wav
1323,114-424,2,Abnormal,Old,743.099638,753.099638,0.0,/home/willy/pig/audio/Abnormal/114-424.wav
1324,114-424,2,Abnormal,Old,778.409217,788.409217,0.0,/home/willy/pig/audio/Abnormal/114-424.wav
1325,114-424,2,Abnormal,Old,783.409217,793.409217,0.0,/home/willy/pig/audio/Abnormal/114-424.wav
1326,114-424,2,Abnormal,Old,788.409217,798.409217,0.0,/home/willy/pig/audio/Abnormal/114-424.wav
1327,114-424,2,Abnormal,Old,793.409217,803.409217,0.0,/home/willy/pig/audio/Abnormal/114-424.wav
1328,114-424,2,Abnormal,Old,798.409217,808.409217,0.0,/home/willy/pig/audio/Abnormal/114-424.wav
1329,114-424,2,Abnormal,Old,803.409217,813.409217,0.0,/home/willy/pig/audio/Abnormal/114-424.wav
1330,114-424,2,Abnormal,Old,808.409217,818.409217,0.0,/home/willy/pig/audio/Abnormal/114-424.wav
1331,114-424,2,Abnormal,Old,813.409217,823.409217,0.0,/home/willy/pig/audio/Abnormal/114-424.wav
1332,114-424,2,Abnormal,Old,818.409217,828.409217,0.0,/home/willy/pig/audio/Abnormal/114-424.wav
1333,114-424,2,Abnormal,Old,837.968235,847.968235,0.0,/home/willy/pig/audio/Abnormal/114-424.wav
1334,114-424,2,Abnormal,Old,897.405355,907.405355,0.0,/home/willy/pig/audio/Abnormal/114-424.wav
1335,114-424,2,Abnormal,Old,902.405355,912.405355,0.0,/home/willy/pig/audio/Abnormal/114-424.wav
1336,114-424,2,Abnormal,Old,907.405355,917.405355,0.0,/home/willy/pig/audio/Abnormal/114-424.wav
1337,114-424,2,Abnormal,Old,912.405355,922.405355,0.0,/home/willy/pig/audio/Abnormal/114-424.wav
1338,114-424,2,Abnormal,Old,917.405355,927.405355,0.0,/home/willy/pig/audio/Abnormal/114-424.wav
1339,114-424,2,Abnormal,Old,922.405355,932.405355,0.0,/home/willy/pig/audio/Abnormal/114-424.wav
1340,114-424,2,Abnormal,Old,927.405355,937.405355,0.0,/home/willy/pig/audio/Abnormal/114-424.wav
1341,114-424,2,Abnormal,Old,932.405355,942.405355,0.0,/home/willy/pig/audio/Abnormal/114-424.wav
1342,114-424,2,Abnormal,Old,937.405355,947.405355,0.0,/home/willy/pig/audio/Abnormal/114-424.wav
1343,114-424,0,NoBreathing,Old,0.0,10.0,0.0,/home/willy/pig/audio/Abnormal/114-424.wav
1344,114-424,0,NoBreathing,Old,30.0,40.0,0.0,/home/willy/pig/audio/Abnormal/114-424.wav
1345,114-424,0,NoBreathing,Old,118.249183,128.24918300000002,0.0,/home/willy/pig/audio/Abnormal/114-424.wav
1346,114-424,0,NoBreathing,Old,216.518764,226.518764,0.0,/home/willy/pig/audio/Abnormal/114-424.wav
1347,114-424,0,NoBreathing,Old,246.518764,256.51876400000003,0.0,/home/willy/pig/audio/Abnormal/114-424.wav
1348,114-424,0,NoBreathing,Old,276.51876400000003,286.51876400000003,0.0,/home/willy/pig/audio/Abnormal/114-424.wav
1349,114-424,0,NoBreathing,Old,306.51876400000003,316.51876400000003,0.0,/home/willy/pig/audio/Abnormal/114-424.wav
1350,114-424,0,NoBreathing,Old,336.51876400000003,346.51876400000003,0.0,/home/willy/pig/audio/Abnormal/114-424.wav
1351,114-424,0,NoBreathing,Old,366.51876400000003,376.51876400000003,0.0,/home/willy/pig/audio/Abnormal/114-424.wav
1352,114-424,0,NoBreathing,Old,396.51876400000003,406.51876400000003,0.0,/home/willy/pig/audio/Abnormal/114-424.wav
1353,114-424,0,NoBreathing,Old,457.744695,467.744695,0.0,/home/willy/pig/audio/Abnormal/114-424.wav
1354,114-424,0,NoBreathing,Old,754.38083,764.38083,0.0,/home/willy/pig/audio/Abnormal/114-424.wav
1355,114-424,0,NoBreathing,Old,851.821254,861.821254,0.0,/home/willy/pig/audio/Abnormal/114-424.wav
1356,114-424,0,NoBreathing,Old,881.821254,891.821254,0.0,/home/willy/pig/audio/Abnormal/114-424.wav
1357,114-424,0,NoBreathing,Old,950.169222,960.169222,0.0,/home/willy/pig/audio/Abnormal/114-424.wav
1358,20241207_11O,1,Normal,Old,344.691751,354.691751,0.0,/home/willy/pig/audio/Normal/20241207_11O.wav
1359,20241207_11O,1,Normal,Old,349.691751,359.691751,0.0,/home/willy/pig/audio/Normal/20241207_11O.wav
1360,20241207_11O,1,Normal,Old,354.691751,364.691751,0.0,/home/willy/pig/audio/Normal/20241207_11O.wav
1361,20241207_11O,1,Normal,Old,372.772545,382.772545,0.0,/home/willy/pig/audio/Normal/20241207_11O.wav
1362,20241207_11O,1,Normal,Old,377.772545,387.772545,0.0,/home/willy/pig/audio/Normal/20241207_11O.wav
1363,20241207_11O,1,Normal,Old,382.772545,392.772545,0.0,/home/willy/pig/audio/Normal/20241207_11O.wav
1364,20241207_11O,1,Normal,Old,387.772545,397.772545,0.0,/home/willy/pig/audio/Normal/20241207_11O.wav
1365,20241207_11O,1,Normal,Old,392.772545,402.772545,0.0,/home/willy/pig/audio/Normal/20241207_11O.wav
1366,20241207_11O,1,Normal,Old,397.772545,407.772545,0.0,/home/willy/pig/audio/Normal/20241207_11O.wav
1367,20241207_11O,1,Normal,Old,443.591495,453.591495,0.0,/home/willy/pig/audio/Normal/20241207_11O.wav
1368,20241207_11O,1,Normal,Old,489.937994,499.937994,0.0,/home/willy/pig/audio/Normal/20241207_11O.wav
1369,20241207_11O,1,Normal,Old,573.663836,583.663836,0.0,/home/willy/pig/audio/Normal/20241207_11O.wav
1370,20241207_11O,1,Normal,Old,672.6182745,682.6182745,0.0,/home/willy/pig/audio/Normal/20241207_11O.wav
1371,20241207_11O,0,NoBreathing,Old,0.0,10.0,0.0,/home/willy/pig/audio/Normal/20241207_11O.wav
1372,20241207_11O,0,NoBreathing,Old,30.0,40.0,0.0,/home/willy/pig/audio/Normal/20241207_11O.wav
1373,20241207_11O,0,NoBreathing,Old,60.0,70.0,0.0,/home/willy/pig/audio/Normal/20241207_11O.wav
1374,20241207_11O,0,NoBreathing,Old,90.0,100.0,0.0,/home/willy/pig/audio/Normal/20241207_11O.wav
1375,20241207_11O,0,NoBreathing,Old,120.0,130.0,0.0,/home/willy/pig/audio/Normal/20241207_11O.wav
1376,20241207_11O,0,NoBreathing,Old,150.0,160.0,0.0,/home/willy/pig/audio/Normal/20241207_11O.wav
1377,20241207_11O,0,NoBreathing,Old,180.0,190.0,0.0,/home/willy/pig/audio/Normal/20241207_11O.wav
1378,20241207_11O,0,NoBreathing,Old,210.0,220.0,0.0,/home/willy/pig/audio/Normal/20241207_11O.wav
1379,20241207_11O,0,NoBreathing,Old,240.0,250.0,0.0,/home/willy/pig/audio/Normal/20241207_11O.wav
1380,20241207_11O,0,NoBreathing,Old,270.0,280.0,0.0,/home/willy/pig/audio/Normal/20241207_11O.wav
1381,20241207_11O,0,NoBreathing,Old,300.0,310.0,0.0,/home/willy/pig/audio/Normal/20241207_11O.wav
1382,20241207_11O,0,NoBreathing,Old,330.0,340.0,0.0,/home/willy/pig/audio/Normal/20241207_11O.wav
1383,20241207_11O,0,NoBreathing,Old,408.575558,418.575558,0.0,/home/willy/pig/audio/Normal/20241207_11O.wav
1384,20241207_11O,0,NoBreathing,Old,458.168246,468.168246,0.0,/home/willy/pig/audio/Normal/20241207_11O.wav
1385,20241207_11O,0,NoBreathing,Old,504.479834,514.479834,0.0,/home/willy/pig/audio/Normal/20241207_11O.wav
1386,20241207_11O,0,NoBreathing,Old,534.479834,544.479834,0.0,/home/willy/pig/audio/Normal/20241207_11O.wav
1387,20241207_11O,0,NoBreathing,Old,584.973336,594.973336,0.0,/home/willy/pig/audio/Normal/20241207_11O.wav
1388,20241207_11O,0,NoBreathing,Old,614.973336,624.973336,0.0,/home/willy/pig/audio/Normal/20241207_11O.wav
1389,20241207_11O,0,NoBreathing,Old,644.973336,654.973336,0.0,/home/willy/pig/audio/Normal/20241207_11O.wav
1390,20241207_11O,0,NoBreathing,Old,679.344578,689.344578,0.0,/home/willy/pig/audio/Normal/20241207_11O.wav
1391,20241207_11O,0,NoBreathing,Old,709.344578,719.344578,0.0,/home/willy/pig/audio/Normal/20241207_11O.wav
1392,20241207_11O,0,NoBreathing,Old,739.344578,749.344578,0.0,/home/willy/pig/audio/Normal/20241207_11O.wav
1393,20241207_11O,0,NoBreathing,Old,769.344578,779.344578,0.0,/home/willy/pig/audio/Normal/20241207_11O.wav
1394,20241207_11O,0,NoBreathing,Old,799.344578,809.344578,0.0,/home/willy/pig/audio/Normal/20241207_11O.wav
1395,20241207_11O,0,NoBreathing,Old,829.344578,839.344578,0.0,/home/willy/pig/audio/Normal/20241207_11O.wav
1396,20241207_11O,0,NoBreathing,Old,859.344578,869.344578,0.0,/home/willy/pig/audio/Normal/20241207_11O.wav
1397,20241207_11O,0,NoBreathing,Old,889.344578,899.344578,0.0,/home/willy/pig/audio/Normal/20241207_11O.wav
1398,20241207_11O,0,NoBreathing,Old,919.344578,929.344578,0.0,/home/willy/pig/audio/Normal/20241207_11O.wav
1399,20241207_11O,0,NoBreathing,Old,949.344578,959.344578,0.0,/home/willy/pig/audio/Normal/20241207_11O.wav
1400,20241207_11O,0,NoBreathing,Old,979.344578,989.344578,0.0,/home/willy/pig/audio/Normal/20241207_11O.wav
1401,20241207_11O,0,NoBreathing,Old,1009.344578,1019.344578,0.0,/home/willy/pig/audio/Normal/20241207_11O.wav
1402,20241207_11O,0,NoBreathing,Old,1039.344578,1049.344578,0.0,/home/willy/pig/audio/Normal/20241207_11O.wav
1403,20241207_11O,0,NoBreathing,Old,1069.344578,1079.344578,0.0,/home/willy/pig/audio/Normal/20241207_11O.wav
1404,20241207_11O,0,NoBreathing,Old,1099.344578,1109.344578,0.0,/home/willy/pig/audio/Normal/20241207_11O.wav
1405,20241207_11O,0,NoBreathing,Old,1129.344578,1139.344578,0.0,/home/willy/pig/audio/Normal/20241207_11O.wav
1406,20241207_11O,0,NoBreathing,Old,1159.344578,1169.344578,0.0,/home/willy/pig/audio/Normal/20241207_11O.wav
1407,20241207_11O,0,NoBreathing,Old,1189.344578,1199.344578,0.0,/home/willy/pig/audio/Normal/20241207_11O.wav
1408,20241207_11O,0,NoBreathing,Old,1219.344578,1229.344578,0.0,/home/willy/pig/audio/Normal/20241207_11O.wav
1409,20241207_11O,0,NoBreathing,Old,1249.344578,1259.344578,0.0,/home/willy/pig/audio/Normal/20241207_11O.wav
1410,20241207_11O,0,NoBreathing,Old,1279.344578,1289.344578,0.0,/home/willy/pig/audio/Normal/20241207_11O.wav
1411,20241207_11O,0,NoBreathing,Old,1309.344578,1319.344578,0.0,/home/willy/pig/audio/Normal/20241207_11O.wav
1412,20241207_11O,0,NoBreathing,Old,1339.344578,1349.344578,0.0,/home/willy/pig/audio/Normal/20241207_11O.wav
1413,20241207_11O,0,NoBreathing,Old,1369.344578,1379.344578,0.0,/home/willy/pig/audio/Normal/20241207_11O.wav
1414,20241207_11O,0,NoBreathing,Old,1399.344578,1409.344578,0.0,/home/willy/pig/audio/Normal/20241207_11O.wav
1415,20241207_11O,0,NoBreathing,Old,1429.344578,1439.344578,0.0,/home/willy/pig/audio/Normal/20241207_11O.wav
1416,20241207_11O,0,NoBreathing,Old,1459.344578,1469.344578,0.0,/home/willy/pig/audio/Normal/20241207_11O.wav
1417,20241207_11O,0,NoBreathing,Old,1489.344578,1499.344578,0.0,/home/willy/pig/audio/Normal/20241207_11O.wav
1418,20241207_11O,0,NoBreathing,Old,1519.344578,1529.344578,0.0,/home/willy/pig/audio/Normal/20241207_11O.wav
1419,20241207_11O,0,NoBreathing,Old,1549.344578,1559.344578,0.0,/home/willy/pig/audio/Normal/20241207_11O.wav
1420,20241207_11O,0,NoBreathing,Old,1579.344578,1589.344578,0.0,/home/willy/pig/audio/Normal/20241207_11O.wav
1421,20241207_11O,0,NoBreathing,Old,1609.344578,1619.344578,0.0,/home/willy/pig/audio/Normal/20241207_11O.wav
1422,20241207_11O,0,NoBreathing,Old,1639.344578,1649.344578,0.0,/home/willy/pig/audio/Normal/20241207_11O.wav
1423,20241207_11O,0,NoBreathing,Old,1669.344578,1679.344578,0.0,/home/willy/pig/audio/Normal/20241207_11O.wav
1424,20241207_11O,0,NoBreathing,Old,1699.344578,1709.344578,0.0,/home/willy/pig/audio/Normal/20241207_11O.wav
1425,20241207_11O,0,NoBreathing,Old,1729.344578,1739.344578,0.0,/home/willy/pig/audio/Normal/20241207_11O.wav
1426,20241207_11O,0,NoBreathing,Old,1759.344578,1769.344578,0.0,/home/willy/pig/audio/Normal/20241207_11O.wav
1427,20241207_11O,0,NoBreathing,Old,1789.344578,1799.344578,0.0,/home/willy/pig/audio/Normal/20241207_11O.wav
1428,20241207_11O,0,NoBreathing,Old,1819.344578,1829.344578,0.0,/home/willy/pig/audio/Normal/20241207_11O.wav
1429,20241207_11O,0,NoBreathing,Old,1849.344578,1859.344578,0.0,/home/willy/pig/audio/Normal/20241207_11O.wav
1430,20241207_11O,0,NoBreathing,Old,1879.344578,1889.344578,0.0,/home/willy/pig/audio/Normal/20241207_11O.wav
1431,20241207_11O,0,NoBreathing,Old,1909.344578,1919.344578,0.0,/home/willy/pig/audio/Normal/20241207_11O.wav
1432,20241207_11O,0,NoBreathing,Old,1939.344578,1949.344578,0.0,/home/willy/pig/audio/Normal/20241207_11O.wav
1433,20241207_11O,0,NoBreathing,Old,1969.344578,1979.344578,0.0,/home/willy/pig/audio/Normal/20241207_11O.wav
1434,20241207_11O,0,NoBreathing,Old,1999.344578,2009.344578,0.0,/home/willy/pig/audio/Normal/20241207_11O.wav
1435,20241207_11O,0,NoBreathing,Old,2029.344578,2039.344578,0.0,/home/willy/pig/audio/Normal/20241207_11O.wav
1436,20241207_11O,0,NoBreathing,Old,2059.344578,2069.344578,0.0,/home/willy/pig/audio/Normal/20241207_11O.wav
1437,20241207_11O,0,NoBreathing,Old,2089.344578,2099.344578,0.0,/home/willy/pig/audio/Normal/20241207_11O.wav
1438,20241207_11O,0,NoBreathing,Old,2119.344578,2129.344578,0.0,/home/willy/pig/audio/Normal/20241207_11O.wav
1439,20241207_11O,0,NoBreathing,Old,2149.344578,2159.344578,0.0,/home/willy/pig/audio/Normal/20241207_11O.wav
1440,20241207_11O,0,NoBreathing,Old,2179.344578,2189.344578,0.0,/home/willy/pig/audio/Normal/20241207_11O.wav
1441,20241207_11O,0,NoBreathing,Old,2209.344578,2219.344578,0.0,/home/willy/pig/audio/Normal/20241207_11O.wav
1442,20241207_11O,0,NoBreathing,Old,2239.344578,2249.344578,0.0,/home/willy/pig/audio/Normal/20241207_11O.wav
1443,20241207_11O,0,NoBreathing,Old,2269.344578,2279.344578,0.0,/home/willy/pig/audio/Normal/20241207_11O.wav
1444,20241207_11O,0,NoBreathing,Old,2299.344578,2309.344578,0.0,/home/willy/pig/audio/Normal/20241207_11O.wav
1445,20241207_11O,0,NoBreathing,Old,2329.344578,2339.344578,0.0,/home/willy/pig/audio/Normal/20241207_11O.wav
1446,20241207_11O,0,NoBreathing,Old,2359.344578,2369.344578,0.0,/home/willy/pig/audio/Normal/20241207_11O.wav
1447,20241207_11O,0,NoBreathing,Old,2389.344578,2399.344578,0.0,/home/willy/pig/audio/Normal/20241207_11O.wav
1448,20241207_11O,0,NoBreathing,Old,2419.344578,2429.344578,0.0,/home/willy/pig/audio/Normal/20241207_11O.wav
1449,20241207_11O,0,NoBreathing,Old,2449.344578,2459.344578,0.0,/home/willy/pig/audio/Normal/20241207_11O.wav
1450,20241207_11O,0,NoBreathing,Old,2479.344578,2489.344578,0.0,/home/willy/pig/audio/Normal/20241207_11O.wav
1451,20241207_11O,0,NoBreathing,Old,2509.344578,2519.344578,0.0,/home/willy/pig/audio/Normal/20241207_11O.wav
1452,20241207_11O,0,NoBreathing,Old,2539.344578,2549.344578,0.0,/home/willy/pig/audio/Normal/20241207_11O.wav
1453,20241207_11O,0,NoBreathing,Old,2569.344578,2579.344578,0.0,/home/willy/pig/audio/Normal/20241207_11O.wav
1454,20241207_11O,0,NoBreathing,Old,2599.344578,2609.344578,0.0,/home/willy/pig/audio/Normal/20241207_11O.wav
1455,20241207_11O,0,NoBreathing,Old,2629.344578,2639.344578,0.0,/home/willy/pig/audio/Normal/20241207_11O.wav
1456,20241207_11O,0,NoBreathing,Old,2659.344578,2669.344578,0.0,/home/willy/pig/audio/Normal/20241207_11O.wav
1457,20241207_11O,0,NoBreathing,Old,2689.344578,2699.344578,0.0,/home/willy/pig/audio/Normal/20241207_11O.wav
1458,20241207_11O,0,NoBreathing,Old,2719.344578,2729.344578,0.0,/home/willy/pig/audio/Normal/20241207_11O.wav
1459,20241207_11O,0,NoBreathing,Old,2749.344578,2759.344578,0.0,/home/willy/pig/audio/Normal/20241207_11O.wav
1460,20241207_11O,0,NoBreathing,Old,2779.344578,2789.344578,0.0,/home/willy/pig/audio/Normal/20241207_11O.wav
1461,20241207_11O,0,NoBreathing,Old,2809.344578,2819.344578,0.0,/home/willy/pig/audio/Normal/20241207_11O.wav
1462,20241207_11O,0,NoBreathing,Old,2839.344578,2849.344578,0.0,/home/willy/pig/audio/Normal/20241207_11O.wav
1463,20241207_11O,0,NoBreathing,Old,2869.344578,2879.344578,0.0,/home/willy/pig/audio/Normal/20241207_11O.wav
1464,20241207_11O,0,NoBreathing,Old,2899.344578,2909.344578,0.0,/home/willy/pig/audio/Normal/20241207_11O.wav
1465,20241207_11O,0,NoBreathing,Old,2929.344578,2939.344578,0.0,/home/willy/pig/audio/Normal/20241207_11O.wav
1466,20241207_11O,0,NoBreathing,Old,2959.344578,2969.344578,0.0,/home/willy/pig/audio/Normal/20241207_11O.wav
1467,20241207_11O,0,NoBreathing,Old,2989.344578,2999.344578,0.0,/home/willy/pig/audio/Normal/20241207_11O.wav
1468,20241207_11O,0,NoBreathing,Old,3019.344578,3029.344578,0.0,/home/willy/pig/audio/Normal/20241207_11O.wav
1469,20241207_11O,0,NoBreathing,Old,3049.344578,3059.344578,0.0,/home/willy/pig/audio/Normal/20241207_11O.wav
1470,20241207_11O,0,NoBreathing,Old,3079.344578,3089.344578,0.0,/home/willy/pig/audio/Normal/20241207_11O.wav
1471,20241207_11O,0,NoBreathing,Old,3109.344578,3119.344578,0.0,/home/willy/pig/audio/Normal/20241207_11O.wav
1472,20241207_11O,0,NoBreathing,Old,3139.344578,3149.344578,0.0,/home/willy/pig/audio/Normal/20241207_11O.wav
1473,20241207_11O,0,NoBreathing,Old,3169.344578,3179.344578,0.0,/home/willy/pig/audio/Normal/20241207_11O.wav
1474,20241207_11O,0,NoBreathing,Old,3199.344578,3209.344578,0.0,/home/willy/pig/audio/Normal/20241207_11O.wav
1475,20241207_11O,0,NoBreathing,Old,3229.344578,3239.344578,0.0,/home/willy/pig/audio/Normal/20241207_11O.wav
1476,20241207_11O,0,NoBreathing,Old,3259.344578,3269.344578,0.0,/home/willy/pig/audio/Normal/20241207_11O.wav
1477,20241207_11O,0,NoBreathing,Old,3289.344578,3299.344578,0.0,/home/willy/pig/audio/Normal/20241207_11O.wav
1478,20241207_11O,0,NoBreathing,Old,3319.344578,3329.344578,0.0,/home/willy/pig/audio/Normal/20241207_11O.wav
1479,20241207_11O,0,NoBreathing,Old,3349.344578,3359.344578,0.0,/home/willy/pig/audio/Normal/20241207_11O.wav
1480,20241207_11O,0,NoBreathing,Old,3379.344578,3389.344578,0.0,/home/willy/pig/audio/Normal/20241207_11O.wav
1481,20241207_11O,0,NoBreathing,Old,3409.344578,3419.344578,0.0,/home/willy/pig/audio/Normal/20241207_11O.wav
1482,20241207_11O,0,NoBreathing,Old,3439.344578,3449.344578,0.0,/home/willy/pig/audio/Normal/20241207_11O.wav
1483,20241207_11O,0,NoBreathing,Old,3469.344578,3479.344578,0.0,/home/willy/pig/audio/Normal/20241207_11O.wav
1484,20241207_11O,0,NoBreathing,Old,3499.344578,3509.344578,0.0,/home/willy/pig/audio/Normal/20241207_11O.wav
1485,20241207_11O,0,NoBreathing,Old,3529.344578,3539.344578,0.0,/home/willy/pig/audio/Normal/20241207_11O.wav
1486,20241207_11O,0,NoBreathing,Old,3559.344578,3569.344578,0.0,/home/willy/pig/audio/Normal/20241207_11O.wav
1487,20241207_11O,0,NoBreathing,Old,3589.344578,3599.344578,0.0,/home/willy/pig/audio/Normal/20241207_11O.wav
1488,20241207_11O,0,NoBreathing,Old,3619.344578,3629.344578,0.0,/home/willy/pig/audio/Normal/20241207_11O.wav
1489,20241207_11O,0,NoBreathing,Old,3649.344578,3659.344578,0.0,/home/willy/pig/audio/Normal/20241207_11O.wav
1490,20241207_11O,0,NoBreathing,Old,3679.344578,3689.344578,0.0,/home/willy/pig/audio/Normal/20241207_11O.wav
1491,20241207_11O,0,NoBreathing,Old,3709.344578,3719.344578,0.0,/home/willy/pig/audio/Normal/20241207_11O.wav
1492,20241207_11O,0,NoBreathing,Old,3739.344578,3749.344578,0.0,/home/willy/pig/audio/Normal/20241207_11O.wav
1493,20241207_11O,0,NoBreathing,Old,3769.344578,3779.344578,0.0,/home/willy/pig/audio/Normal/20241207_11O.wav
1494,20241207_11O,0,NoBreathing,Old,3799.344578,3809.344578,0.0,/home/willy/pig/audio/Normal/20241207_11O.wav
1495,20241207_11O,0,NoBreathing,Old,3829.344578,3839.344578,0.0,/home/willy/pig/audio/Normal/20241207_11O.wav
1496,20241207_11O,0,NoBreathing,Old,3859.344578,3869.344578,0.0,/home/willy/pig/audio/Normal/20241207_11O.wav
1497,20241207_11O,0,NoBreathing,Old,3889.344578,3899.344578,0.0,/home/willy/pig/audio/Normal/20241207_11O.wav
1498,20241207_11O,0,NoBreathing,Old,3919.344578,3929.344578,0.0,/home/willy/pig/audio/Normal/20241207_11O.wav
1499,20241207_11O,0,NoBreathing,Old,3949.344578,3959.344578,0.0,/home/willy/pig/audio/Normal/20241207_11O.wav
1500,20241207_11O,0,NoBreathing,Old,3979.344578,3989.344578,0.0,/home/willy/pig/audio/Normal/20241207_11O.wav
1501,20241207_11O,0,NoBreathing,Old,4009.344578,4019.344578,0.0,/home/willy/pig/audio/Normal/20241207_11O.wav
1502,20241207_11O,0,NoBreathing,Old,4039.344578,4049.344578,0.0,/home/willy/pig/audio/Normal/20241207_11O.wav
1503,20241207_11O,0,NoBreathing,Old,4069.344578,4079.344578,0.0,/home/willy/pig/audio/Normal/20241207_11O.wav
1504,20241207_11O,0,NoBreathing,Old,4099.344578,4109.344578,0.0,/home/willy/pig/audio/Normal/20241207_11O.wav
1505,20241207_11O,0,NoBreathing,Old,4129.344578,4139.344578,0.0,/home/willy/pig/audio/Normal/20241207_11O.wav
1506,20241207_11O,0,NoBreathing,Old,4159.344578,4169.344578,0.0,/home/willy/pig/audio/Normal/20241207_11O.wav
1507,20241207_11O,0,NoBreathing,Old,4189.344578,4199.344578,0.0,/home/willy/pig/audio/Normal/20241207_11O.wav
1508,20241207_11O,0,NoBreathing,Old,4219.344578,4229.344578,0.0,/home/willy/pig/audio/Normal/20241207_11O.wav
1509,20241207_11O,0,NoBreathing,Old,4249.344578,4259.344578,0.0,/home/willy/pig/audio/Normal/20241207_11O.wav
1510,20241207_11O,0,NoBreathing,Old,4279.344578,4289.344578,0.0,/home/willy/pig/audio/Normal/20241207_11O.wav
1511,20241207_11O,0,NoBreathing,Old,4309.344578,4319.344578,0.0,/home/willy/pig/audio/Normal/20241207_11O.wav
1512,20241207_11O,0,NoBreathing,Old,4339.344578,4349.344578,0.0,/home/willy/pig/audio/Normal/20241207_11O.wav
1513,20241207_11O,0,NoBreathing,Old,4369.344578,4379.344578,0.0,/home/willy/pig/audio/Normal/20241207_11O.wav
1514,20241207_11O,0,NoBreathing,Old,4399.344578,4409.344578,0.0,/home/willy/pig/audio/Normal/20241207_11O.wav
1515,20241207_11O,0,NoBreathing,Old,4429.344578,4439.344578,0.0,/home/willy/pig/audio/Normal/20241207_11O.wav
1516,20241207_11O,0,NoBreathing,Old,4459.344578,4469.344578,0.0,/home/willy/pig/audio/Normal/20241207_11O.wav
1517,20241207_11O,0,NoBreathing,Old,4489.344578,4499.344578,0.0,/home/willy/pig/audio/Normal/20241207_11O.wav
1518,20241207_11O,0,NoBreathing,Old,4519.344578,4529.344578,0.0,/home/willy/pig/audio/Normal/20241207_11O.wav
1519,20241207_11O,0,NoBreathing,Old,4549.344578,4559.344578,0.0,/home/willy/pig/audio/Normal/20241207_11O.wav
1520,20241207_11O,0,NoBreathing,Old,4579.344578,4589.344578,0.0,/home/willy/pig/audio/Normal/20241207_11O.wav
1521,20241207_11O,0,NoBreathing,Old,4609.344578,4619.344578,0.0,/home/willy/pig/audio/Normal/20241207_11O.wav
1522,20241207_11O,0,NoBreathing,Old,4639.344578,4649.344578,0.0,/home/willy/pig/audio/Normal/20241207_11O.wav
1523,20241207_11O,0,NoBreathing,Old,4669.344578,4679.344578,0.0,/home/willy/pig/audio/Normal/20241207_11O.wav
1524,20241207_11O,0,NoBreathing,Old,4699.344578,4709.344578,0.0,/home/willy/pig/audio/Normal/20241207_11O.wav
1525,20241207_11O,0,NoBreathing,Old,4729.344578,4739.344578,0.0,/home/willy/pig/audio/Normal/20241207_11O.wav
1526,20241207_11O,0,NoBreathing,Old,4759.344578,4769.344578,0.0,/home/willy/pig/audio/Normal/20241207_11O.wav
1527,20241207_11O,0,NoBreathing,Old,4789.344578,4799.344578,0.0,/home/willy/pig/audio/Normal/20241207_11O.wav
1528,20241207_11O,0,NoBreathing,Old,4819.344578,4829.344578,0.0,/home/willy/pig/audio/Normal/20241207_11O.wav
1529,20241207_11O,0,NoBreathing,Old,4849.344578,4859.344578,0.0,/home/willy/pig/audio/Normal/20241207_11O.wav
1530,20241207_11O,0,NoBreathing,Old,4879.344578,4889.344578,0.0,/home/willy/pig/audio/Normal/20241207_11O.wav
1531,20241207_11O,0,NoBreathing,Old,4909.344578,4919.344578,0.0,/home/willy/pig/audio/Normal/20241207_11O.wav
1532,20241207_11O,0,NoBreathing,Old,4939.344578,4949.344578,0.0,/home/willy/pig/audio/Normal/20241207_11O.wav
1533,20241207_11O,0,NoBreathing,Old,4969.344578,4979.344578,0.0,/home/willy/pig/audio/Normal/20241207_11O.wav
1534,20241207_11O,0,NoBreathing,Old,4999.344578,5009.344578,0.0,/home/willy/pig/audio/Normal/20241207_11O.wav
1535,20241207_11O,0,NoBreathing,Old,5029.344578,5039.344578,0.0,/home/willy/pig/audio/Normal/20241207_11O.wav
1536,20241207_11O,0,NoBreathing,Old,5059.344578,5069.344578,0.0,/home/willy/pig/audio/Normal/20241207_11O.wav
1537,20241207_11O,0,NoBreathing,Old,5089.344578,5099.344578,0.0,/home/willy/pig/audio/Normal/20241207_11O.wav
1538,20241207_11O,0,NoBreathing,Old,5119.344578,5129.344578,0.0,/home/willy/pig/audio/Normal/20241207_11O.wav
1539,20241207_11O,0,NoBreathing,Old,5149.344578,5159.344578,0.0,/home/willy/pig/audio/Normal/20241207_11O.wav
1540,20241207_11O,0,NoBreathing,Old,5179.344578,5189.344578,0.0,/home/willy/pig/audio/Normal/20241207_11O.wav
1541,20241207_11O,0,NoBreathing,Old,5209.344578,5219.344578,0.0,/home/willy/pig/audio/Normal/20241207_11O.wav
1542,20241207_11O,0,NoBreathing,Old,5239.344578,5249.344578,0.0,/home/willy/pig/audio/Normal/20241207_11O.wav
1543,20241207_11O,0,NoBreathing,Old,5269.344578,5279.344578,0.0,/home/willy/pig/audio/Normal/20241207_11O.wav
1544,20241207_11O,0,NoBreathing,Old,5299.344578,5309.344578,0.0,/home/willy/pig/audio/Normal/20241207_11O.wav
1545,20241207_11O,0,NoBreathing,Old,5329.344578,5339.344578,0.0,/home/willy/pig/audio/Normal/20241207_11O.wav
1546,20241207_11O,0,NoBreathing,Old,5359.344578,5369.344578,0.0,/home/willy/pig/audio/Normal/20241207_11O.wav
1547,20241207_11O,0,NoBreathing,Old,5389.344578,5399.344578,0.0,/home/willy/pig/audio/Normal/20241207_11O.wav
1548,20241207_11O,0,NoBreathing,Old,5419.344578,5429.344578,0.0,/home/willy/pig/audio/Normal/20241207_11O.wav
1549,20241207_11O,0,NoBreathing,Old,5449.344578,5459.344578,0.0,/home/willy/pig/audio/Normal/20241207_11O.wav
1550,20241207_11O,0,NoBreathing,Old,5479.344578,5489.344578,0.0,/home/willy/pig/audio/Normal/20241207_11O.wav
1551,20241207_11O,0,NoBreathing,Old,5509.344578,5519.344578,0.0,/home/willy/pig/audio/Normal/20241207_11O.wav
1552,20241207_11O,0,NoBreathing,Old,5539.344578,5549.344578,0.0,/home/willy/pig/audio/Normal/20241207_11O.wav
