{
    "macro_f1": 0.8487946200232098,
    "accuracy": 0.8493238892466195,
    "total_train_time_s": 608.2407698631287,
    "inference_latency_ms": 0.2923845400444861,
    "report": "              precision    recall  f1-score   support\n\nNo-Breathing       0.80      0.75      0.77       533\n      Normal       0.84      0.94      0.89       588\n    Abnormal       0.92      0.85      0.88       432\n\n    accuracy                           0.85      1553\n   macro avg       0.85      0.85      0.85      1553\nweighted avg       0.85      0.85      0.85      1553\n"
}